Time	Size
0	10000000
0.1	10000000
0.2	10000000
0.3	10000000
0.4	10000000
0.5	10000000
0.6	10000000
0.7	10000000
0.8	10000000
0.9	10000000
1	10000000
1.1	10000000
1.2	10000000
1.3	10000000
1.4	10000000
1.5	10000000
1.6	10000000
1.7	10000000
1.8	10000000
1.9	10000000
2	10000000
2.1	10000000
2.2	10000000
2.3	10000000
2.4	10000000
2.5	10000000
2.6	10000000
2.7	10000000
2.8	10000000
2.9	10000000
3	10000000
3.1	10000000
3.2	10000000
3.3	10000000
3.4	10000000
3.5	10000000
3.6	10000000
3.7	10000000
3.8	10000000
3.9	10000000
4	10000000
4.1	10000000
4.2	10000000
4.3	10000000
4.4	10000000
4.5	10000000
4.6	10000000
4.7	10000000
4.8	10000000
4.9	10000000
5	10000000
5.1	10000000
5.2	10000000
5.3	10000000
5.4	10000000
5.5	10000000
5.6	10000000
5.7	10000000
5.8	10000000
5.9	10000000
6	10000000
6.1	10000000
6.2	10000000
6.3	10000000
6.4	10000000
6.5	10000000
6.6	10000000
6.7	10000000
6.8	10000000
6.9	10000000
7	10000000
7.1	10000000
7.2	10000000
7.3	10000000
7.4	10000000
7.5	10000000
7.6	10000000
7.7	10000000
7.8	10000000
7.9	10000000
8	10000000
8.1	10000000
8.2	10000000
8.3	10000000
8.4	10000000
8.5	10000000
8.6	10000000
8.7	10000000
8.8	10000000
8.9	10000000
9	10000000
9.1	10000000
9.2	10000000
9.3	10000000
9.4	10000000
9.5	10000000
9.6	10000000
9.7	10000000
9.8	10000000
9.9	10000000
10	10000000
10.1	10000000
10.2	10000000
10.3	10000000
10.4	10000000
10.5	10000000
10.6	10000000
10.7	10000000
10.8	10000000
10.9	10000000
11	10000000
11.1	10000000
11.2	10000000
11.3	10000000
11.4	10000000
11.5	10000000
11.6	10000000
11.7	10000000
11.8	10000000
11.9	10000000
12	10000000
12.1	10000000
12.2	10000000
12.3	10000000
12.4	10000000
12.5	10000000
12.6	10000000
12.7	10000000
12.8	10000000
12.9	10000000
13	10000000
13.1	10000000
13.2	10000000
13.3	10000000
13.4	10000000
13.5	10000000
13.6	10000000
13.7	10000000
13.8	10000000
13.9	10000000
14	10000000
14.1	10000000
14.2	10000000
14.3	10000000
14.4	10000000
14.5	10000000
14.6	10000000
14.7	10000000
14.8	10000000
14.9	10000000
15	10000000
15.1	10000000
15.2	10000000
15.3	10000000
15.4	10000000
15.5	10000000
15.6	10000000
15.7	10000000
15.8	10000000
15.9	10000000
16	10000000
16.1	10000000
16.2	10000000
16.3	10000000
16.4	10000000
16.5	10000000
16.6	10000000
16.7	10000000
16.8	10000000
16.9	10000000
17	10000000
17.1	10000000
17.2	10000000
17.3	10000000
17.4	10000000
17.5	10000000
17.6	10000000
17.7	10000000
17.8	10000000
17.9	10000000
18	10000000
18.1	10000000
18.2	10000000
18.3	10000000
18.4	10000000
18.5	10000000
18.6	10000000
18.7	10000000
18.8	10000000
18.9	10000000
19	10000000
19.1	10000000
19.2	10000000
19.3	10000000
19.4	10000000
19.5	10000000
19.6	10000000
19.7	10000000
19.8	10000000
19.9	10000000
20	10000000
20.1	10000000
20.2	10000000
20.3	10000000
20.4	10000000
20.5	10000000
20.6	10000000
20.7	10000000
20.8	10000000
20.9	10000000
21	10000000
21.1	10000000
21.2	10000000
21.3	10000000
21.4	10000000
21.5	10000000
21.6	10000000
21.7	10000000
21.8	10000000
21.9	10000000
22	10000000
22.1	10000000
22.2	10000000
22.3	10000000
22.4	10000000
22.5	10000000
22.6	10000000
22.7	10000000
22.8	10000000
22.9	10000000
23	10000000
23.1	10000000
23.2	10000000
23.3	10000000
23.4	10000000
23.5	10000000
23.6	10000000
23.7	10000000
23.8	10000000
23.9	10000000
24	10000000
24.1	10000000
24.2	10000000
24.3	10000000
24.4	10000000
24.5	10000000
24.6	10000000
24.7	10000000
24.8	10000000
24.9	10000000
25	10000000
25.1	10000000
25.2	10000000
25.3	10000000
25.4	10000000
25.5	10000000
25.6	10000000
25.7	10000000
25.8	10000000
25.9	10000000
26	10000000
26.1	10000000
26.2	10000000
26.3	10000000
26.4	10000000
26.5	10000000
26.6	10000000
26.7	10000000
26.8	10000000
26.9	10000000
27	10000000
27.1	10000000
27.2	10000000
27.3	10000000
27.4	10000000
27.5	10000000
27.6	10000000
27.7	10000000
27.8	10000000
27.9	10000000
28	10000000
28.1	10000000
28.2	10000000
28.3	10000000
28.4	10000000
28.5	10000000
28.6	10000000
28.7	10000000
28.8	10000000
28.9	10000000
29	10000000
29.1	10000000
29.2	10000000
29.3	10000000
29.4	10000000
29.5	10000000
29.6	10000000
29.7	10000000
29.8	10000000
29.9	10000000
30	10000000
30.1	10000000
30.2	10000000
30.3	10000000
30.4	10000000
30.5	10000000
30.6	10000000
30.7	10000000
30.8	10000000
30.9	10000000
31	10000000
31.1	10000000
31.2	10000000
31.3	10000000
31.4	10000000
31.5	10000000
31.6	10000000
31.7	10000000
31.8	10000000
31.9	10000000
32	10000000
32.1	10000000
32.2	10000000
32.3	10000000
32.4	10000000
32.5	10000000
32.6	10000000
32.7	10000000
32.8	10000000
32.9	10000000
33	10000000
33.1	10000000
33.2	10000000
33.3	10000000
33.4	10000000
33.5	10000000
33.6	10000000
33.7	10000000
33.8	10000000
33.9	10000000
34	10000000
34.1	10000000
34.2	10000000
34.3	10000000
34.4	10000000
34.5	10000000
34.6	10000000
34.7	10000000
34.8	10000000
34.9	10000000
35	10000000
35.1	10000000
35.2	10000000
35.3	10000000
35.4	10000000
35.5	10000000
35.6	10000000
35.7	10000000
35.8	10000000
35.9	10000000
36	10000000
36.1	10000000
36.2	10000000
36.3	10000000
36.4	10000000
36.5	10000000
36.6	10000000
36.7	10000000
36.8	10000000
36.9	10000000
37	10000000
37.1	10000000
37.2	10000000
37.3	10000000
37.4	10000000
37.5	10000000
37.6	10000000
37.7	10000000
37.8	10000000
37.9	10000000
38	10000000
38.1	10000000
38.2	10000000
38.3	10000000
38.4	10000000
38.5	10000000
38.6	10000000
38.7	10000000
38.8	10000000
38.9	10000000
39	10000000
39.1	10000000
39.2	10000000
39.3	10000000
39.4	10000000
39.5	10000000
39.6	10000000
39.7	10000000
39.8	10000000
39.9	10000000
40	10000000
40.1	10000000
40.2	10000000
40.3	10000000
40.4	10000000
40.5	10000000
40.6	10000000
40.7	10000000
40.8	10000000
40.9	10000000
41	10000000
41.1	10000000
41.2	10000000
41.3	10000000
41.4	10000000
41.5	10000000
41.6	10000000
41.7	10000000
41.8	10000000
41.9	10000000
42	10000000
42.1	10000000
42.2	10000000
42.3	10000000
42.4	10000000
42.5	10000000
42.6	10000000
42.7	10000000
42.8	10000000
42.9	10000000
43	10000000
43.1	10000000
43.2	10000000
43.3	10000000
43.4	10000000
43.5	10000000
43.6	10000000
43.7	10000000
43.8	10000000
43.9	10000000
44	10000000
44.1	10000000
44.2	10000000
44.3	10000000
44.4	10000000
44.5	10000000
44.6	10000000
44.7	10000000
44.8	10000000
44.9	10000000
45	10000000
45.1	10000000
45.2	10000000
45.3	10000000
45.4	10000000
45.5	10000000
45.6	10000000
45.7	10000000
45.8	10000000
45.9	10000000
46	10000000
46.1	10000000
46.2	10000000
46.3	10000000
46.4	10000000
46.5	10000000
46.6	10000000
46.7	10000000
46.8	10000000
46.9	10000000
47	10000000
47.1	10000000
47.2	10000000
47.3	10000000
47.4	10000000
47.5	10000000
47.6	10000000
47.7	10000000
47.8	10000000
47.9	10000000
48	10000000
48.1	10000000
48.2	10000000
48.3	10000000
48.4	10000000
48.5	10000000
48.6	10000000
48.7	10000000
48.8	10000000
48.9	10000000
49	10000000
49.1	10000000
49.2	10000000
49.3	10000000
49.4	10000000
49.5	10000000
49.6	10000000
49.7	10000000
49.8	10000000
49.9	10000000
50	10000000
50.1	10000000
50.2	10000000
50.3	10000000
50.4	10000000
50.5	10000000
50.6	10000000
50.7	10000000
50.8	10000000
50.9	10000000
51	10000000
51.1	10000000
51.2	10000000
51.3	10000000
51.4	10000000
51.5	10000000
51.6	10000000
51.7	10000000
51.8	10000000
51.9	10000000
52	10000000
52.1	10000000
52.2	10000000
52.3	10000000
52.4	10000000
52.5	10000000
52.6	10000000
52.7	10000000
52.8	10000000
52.9	10000000
53	10000000
53.1	10000000
53.2	10000000
53.3	10000000
53.4	10000000
53.5	10000000
53.6	10000000
53.7	10000000
53.8	10000000
53.9	10000000
54	10000000
54.1	10000000
54.2	10000000
54.3	10000000
54.4	10000000
54.5	10000000
54.6	10000000
54.7	10000000
54.8	10000000
54.9	10000000
55	10000000
55.1	10000000
55.2	10000000
55.3	10000000
55.4	10000000
55.5	10000000
55.6	10000000
55.7	10000000
55.8	10000000
55.9	10000000
56	10000000
56.1	10000000
56.2	10000000
56.3	10000000
56.4	10000000
56.5	10000000
56.6	10000000
56.7	10000000
56.8	10000000
56.9	10000000
57	10000000
57.1	10000000
57.2	10000000
57.3	10000000
57.4	10000000
57.5	10000000
57.6	10000000
57.7	10000000
57.8	10000000
57.9	10000000
58	10000000
58.1	10000000
58.2	10000000
58.3	10000000
58.4	10000000
58.5	10000000
58.6	10000000
58.7	10000000
58.8	10000000
58.9	10000000
59	10000000
59.1	10000000
59.2	10000000
59.3	10000000
59.4	10000000
59.5	10000000
59.6	10000000
59.7	10000000
59.8	10000000
59.9	10000000
60	10000000
60.1	10000000
60.2	10000000
60.3	10000000
60.4	10000000
60.5	10000000
60.6	10000000
60.7	10000000
60.8	10000000
60.9	10000000
61	10000000
61.1	10000000
61.2	10000000
61.3	10000000
61.4	10000000
61.5	10000000
61.6	10000000
61.7	10000000
61.8	10000000
61.9	10000000
62	10000000
62.1	10000000
62.2	10000000
62.3	10000000
62.4	10000000
62.5	10000000
62.6	10000000
62.7	10000000
62.8	10000000
62.9	10000000
63	10000000
63.1	10000000
63.2	10000000
63.3	10000000
63.4	10000000
63.5	10000000
63.6	10000000
63.7	10000000
63.8	10000000
63.9	10000000
64	10000000
64.1	10000000
64.2	10000000
64.3	10000000
64.4	10000000
64.5	10000000
64.6	10000000
64.7	10000000
64.8	10000000
64.9	10000000
65	10000000
65.1	10000000
65.2	10000000
65.3	10000000
65.4	10000000
65.5	10000000
65.6	10000000
65.7	10000000
65.8	10000000
65.9	10000000
66	10000000
66.1	10000000
66.2	10000000
66.3	10000000
66.4	10000000
66.5	10000000
66.6	10000000
66.7	10000000
66.8	10000000
66.9	10000000
67	10000000
67.1	10000000
67.2	10000000
67.3	10000000
67.4	10000000
67.5	10000000
67.6	10000000
67.7	10000000
67.8	10000000
67.9	10000000
68	10000000
68.1	10000000
68.2	10000000
68.3	10000000
68.4	10000000
68.5	10000000
68.6	10000000
68.7	10000000
68.8	10000000
68.9	10000000
69	10000000
69.1	10000000
69.2	10000000
69.3	10000000
69.4	10000000
69.5	10000000
69.6	10000000
69.7	10000000
69.8	10000000
69.9	10000000
70	10000000
70.1	10000000
70.2	10000000
70.3	10000000
70.4	10000000
70.5	10000000
70.6	10000000
70.7	10000000
70.8	10000000
70.9	10000000
71	10000000
71.1	10000000
71.2	10000000
71.3	10000000
71.4	10000000
71.5	10000000
71.6	10000000
71.7	10000000
71.8	10000000
71.9	10000000
72	10000000
72.1	10000000
72.2	10000000
72.3	10000000
72.4	10000000
72.5	10000000
72.6	10000000
72.7	10000000
72.8	10000000
72.9	10000000
73	10000000
73.1	10000000
73.2	10000000
73.3	10000000
73.4	10000000
73.5	10000000
73.6	10000000
73.7	10000000
73.8	10000000
73.9	10000000
74	10000000
74.1	10000000
74.2	10000000
74.3	10000000
74.4	10000000
74.5	10000000
74.6	10000000
74.7	10000000
74.8	10000000
74.9	10000000
75	10000000
75.1	10000000
75.2	10000000
75.3	10000000
75.4	10000000
75.5	10000000
75.6	10000000
75.7	10000000
75.8	10000000
75.9	10000000
76	10000000
76.1	10000000
76.2	10000000
76.3	10000000
76.4	10000000
76.5	10000000
76.6	10000000
76.7	10000000
76.8	10000000
76.9	10000000
77	10000000
77.1	10000000
77.2	10000000
77.3	10000000
77.4	10000000
77.5	10000000
77.6	10000000
77.7	10000000
77.8	10000000
77.9	10000000
78	10000000
78.1	10000000
78.2	10000000
78.3	10000000
78.4	10000000
78.5	10000000
78.6	10000000
78.7	10000000
78.8	10000000
78.9	10000000
79	10000000
79.1	10000000
79.2	10000000
79.3	10000000
79.4	10000000
79.5	10000000
79.6	10000000
79.7	10000000
79.8	10000000
79.9	10000000
80	10000000
80.1	10000000
80.2	10000000
80.3	10000000
80.4	10000000
80.5	10000000
80.6	10000000
80.7	10000000
80.8	10000000
80.9	10000000
81	10000000
81.1	10000000
81.2	10000000
81.3	10000000
81.4	10000000
81.5	10000000
81.6	10000000
81.7	10000000
81.8	10000000
81.9	10000000
82	10000000
82.1	10000000
82.2	10000000
82.3	10000000
82.4	10000000
82.5	10000000
82.6	10000000
82.7	10000000
82.8	10000000
82.9	10000000
83	10000000
83.1	10000000
83.2	10000000
83.3	10000000
83.4	10000000
83.5	10000000
83.6	10000000
83.7	10000000
83.8	10000000
83.9	10000000
84	10000000
84.1	10000000
84.2	10000000
84.3	10000000
84.4	10000000
84.5	10000000
84.6	10000000
84.7	10000000
84.8	10000000
84.9	10000000
85	10000000
85.1	10000000
85.2	10000000
85.3	10000000
85.4	10000000
85.5	10000000
85.6	10000000
85.7	10000000
85.8	10000000
85.9	10000000
86	10000000
86.1	10000000
86.2	10000000
86.3	10000000
86.4	10000000
86.5	10000000
86.6	10000000
86.7	10000000
86.8	10000000
86.9	10000000
87	10000000
87.1	10000000
87.2	10000000
87.3	10000000
87.4	10000000
87.5	10000000
87.6	10000000
87.7	10000000
87.8	10000000
87.9	10000000
88	10000000
88.1	10000000
88.2	10000000
88.3	10000000
88.4	10000000
88.5	10000000
88.6	10000000
88.7	10000000
88.8	10000000
88.9	10000000
89	10000000
89.1	10000000
89.2	10000000
89.3	10000000
89.4	10000000
89.5	10000000
89.6	10000000
89.7	10000000
89.8	10000000
89.9	10000000
90	10000000
90.1	10000000
90.2	10000000
90.3	10000000
90.4	10000000
90.5	10000000
90.6	10000000
90.7	10000000
90.8	10000000
90.9	10000000
91	10000000
91.1	10000000
91.2	10000000
91.3	10000000
91.4	10000000
91.5	10000000
91.6	10000000
91.7	10000000
91.8	10000000
91.9	10000000
92	10000000
92.1	10000000
92.2	10000000
92.3	10000000
92.4	10000000
92.5	10000000
92.6	10000000
92.7	10000000
92.8	10000000
92.9	10000000
93	10000000
93.1	10000000
93.2	10000000
93.3	10000000
93.4	10000000
93.5	10000000
93.6	10000000
93.7	10000000
93.8	10000000
93.9	10000000
94	10000000
94.1	10000000
94.2	10000000
94.3	10000000
94.4	10000000
94.5	10000000
94.6	10000000
94.7	10000000
94.8	10000000
94.9	10000000
95	10000000
95.1	10000000
95.2	10000000
95.3	10000000
95.4	10000000
95.5	10000000
95.6	10000000
95.7	10000000
95.8	10000000
95.9	10000000
96	10000000
96.1	10000000
96.2	10000000
96.3	10000000
96.4	10000000
96.5	10000000
96.6	10000000
96.7	10000000
96.8	10000000
96.9	10000000
97	10000000
97.1	10000000
97.2	10000000
97.3	10000000
97.4	10000000
97.5	10000000
97.6	10000000
97.7	10000000
97.8	10000000
97.9	10000000
98	10000000
98.1	10000000
98.2	10000000
98.3	10000000
98.4	10000000
98.5	10000000
98.6	10000000
98.7	10000000
98.8	10000000
98.9	10000000
99	10000000
99.1	10000000
99.2	10000000
99.3	10000000
99.4	10000000
99.5	10000000
99.6	10000000
99.7	10000000
99.8	10000000
99.9	10000000
100	10000000
100.1	10000000
100.2	10000000
100.3	10000000
100.4	10000000
100.5	10000000
100.6	10000000
100.7	10000000
100.8	10000000
100.9	10000000
101	10000000
101.1	10000000
101.2	10000000
101.3	10000000
101.4	10000000
101.5	10000000
101.6	10000000
101.7	10000000
101.8	10000000
101.9	10000000
102	10000000
102.1	10000000
102.2	10000000
102.3	10000000
102.4	10000000
102.5	10000000
102.6	10000000
102.7	10000000
102.8	10000000
102.9	10000000
103	10000000
103.1	10000000
103.2	10000000
103.3	10000000
103.4	10000000
103.5	10000000
103.6	10000000
103.7	10000000
103.8	10000000
103.9	10000000
104	10000000
104.1	10000000
104.2	10000000
104.3	10000000
104.4	10000000
104.5	10000000
104.6	10000000
104.7	10000000
104.8	10000000
104.9	10000000
105	10000000
105.1	10000000
105.2	10000000
105.3	10000000
105.4	10000000
105.5	10000000
105.6	10000000
105.7	10000000
105.8	10000000
105.9	10000000
106	10000000
106.1	10000000
106.2	10000000
106.3	10000000
106.4	10000000
106.5	10000000
106.6	10000000
106.7	10000000
106.8	10000000
106.9	10000000
107	10000000
107.1	10000000
107.2	10000000
107.3	10000000
107.4	10000000
107.5	10000000
107.6	10000000
107.7	10000000
107.8	10000000
107.9	10000000
108	10000000
108.1	10000000
108.2	10000000
108.3	10000000
108.4	10000000
108.5	10000000
108.6	10000000
108.7	10000000
108.8	10000000
108.9	10000000
109	10000000
109.1	10000000
109.2	10000000
109.3	10000000
109.4	10000000
109.5	10000000
109.6	10000000
109.7	10000000
109.8	10000000
109.9	10000000
110	10000000
110.1	10000000
110.2	10000000
110.3	10000000
110.4	10000000
110.5	10000000
110.6	10000000
110.7	10000000
110.8	10000000
110.9	10000000
111	10000000
111.1	10000000
111.2	10000000
111.3	10000000
111.4	10000000
111.5	10000000
111.6	10000000
111.7	10000000
111.8	10000000
111.9	10000000
112	10000000
112.1	10000000
112.2	10000000
112.3	10000000
112.4	10000000
112.5	10000000
112.6	10000000
112.7	10000000
112.8	10000000
112.9	10000000
113	10000000
113.1	10000000
113.2	10000000
113.3	10000000
113.4	10000000
113.5	10000000
113.6	10000000
113.7	10000000
113.8	10000000
113.9	10000000
114	10000000
114.1	10000000
114.2	10000000
114.3	10000000
114.4	10000000
114.5	10000000
114.6	10000000
114.7	10000000
114.8	10000000
114.9	10000000
115	10000000
115.1	10000000
115.2	10000000
115.3	10000000
115.4	10000000
115.5	10000000
115.6	10000000
115.7	10000000
115.8	10000000
115.9	10000000
116	10000000
116.1	10000000
116.2	10000000
116.3	10000000
116.4	10000000
116.5	10000000
116.6	10000000
116.7	10000000
116.8	10000000
116.9	10000000
117	10000000
117.1	10000000
117.2	10000000
117.3	10000000
117.4	10000000
117.5	10000000
117.6	10000000
117.7	10000000
117.8	10000000
117.9	10000000
118	10000000
118.1	10000000
118.2	10000000
118.3	10000000
118.4	10000000
118.5	10000000
118.6	10000000
118.7	10000000
118.8	10000000
118.9	10000000
119	10000000
119.1	10000000
119.2	10000000
119.3	10000000
119.4	10000000
119.5	10000000
119.6	10000000
119.7	10000000
119.8	10000000
119.9	10000000
120	10000000
120.1	10000000
120.2	10000000
120.3	10000000
120.4	10000000
120.5	10000000
120.6	10000000
120.7	10000000
120.8	10000000
120.9	10000000
121	10000000
121.1	10000000
121.2	10000000
121.3	10000000
121.4	10000000
121.5	10000000
121.6	10000000
121.7	10000000
121.8	10000000
121.9	10000000
122	10000000
122.1	10000000
122.2	10000000
122.3	10000000
122.4	10000000
122.5	10000000
122.6	10000000
122.7	10000000
122.8	10000000
122.9	10000000
123	10000000
123.1	10000000
123.2	10000000
123.3	10000000
123.4	10000000
123.5	10000000
123.6	10000000
123.7	10000000
123.8	10000000
123.9	10000000
124	10000000
124.1	10000000
124.2	10000000
124.3	10000000
124.4	10000000
124.5	10000000
124.6	10000000
124.7	10000000
124.8	10000000
124.9	10000000
125	10000000
125.1	10000000
125.2	10000000
125.3	10000000
125.4	10000000
125.5	10000000
125.6	10000000
125.7	10000000
125.8	10000000
125.9	10000000
126	10000000
126.1	10000000
126.2	10000000
126.3	10000000
126.4	10000000
126.5	10000000
126.6	10000000
126.7	10000000
126.8	10000000
126.9	10000000
127	10000000
127.1	10000000
127.2	10000000
127.3	10000000
127.4	10000000
127.5	10000000
127.6	10000000
127.7	10000000
127.8	10000000
127.9	10000000
128	10000000
128.1	10000000
128.2	10000000
128.3	10000000
128.4	10000000
128.5	10000000
128.6	10000000
128.7	10000000
128.8	10000000
128.9	10000000
129	10000000
129.1	10000000
129.2	10000000
129.3	10000000
129.4	10000000
129.5	10000000
129.6	10000000
129.7	10000000
129.8	10000000
129.9	10000000
130	10000000
130.1	10000000
130.2	10000000
130.3	10000000
130.4	10000000
130.5	10000000
130.6	10000000
130.7	10000000
130.8	10000000
130.9	10000000
131	10000000
131.1	10000000
131.2	10000000
131.3	10000000
131.4	10000000
131.5	10000000
131.6	10000000
131.7	10000000
131.8	10000000
131.9	10000000
132	10000000
132.1	10000000
132.2	10000000
132.3	10000000
132.4	10000000
132.5	10000000
132.6	10000000
132.7	10000000
132.8	10000000
132.9	10000000
133	10000000
133.1	10000000
133.2	10000000
133.3	10000000
133.4	10000000
133.5	10000000
133.6	10000000
133.7	10000000
133.8	10000000
133.9	10000000
134	10000000
134.1	10000000
134.2	10000000
134.3	10000000
134.4	10000000
134.5	10000000
134.6	10000000
134.7	10000000
134.8	10000000
134.9	10000000
135	10000000
135.1	10000000
135.2	10000000
135.3	10000000
135.4	10000000
135.5	10000000
135.6	10000000
135.7	10000000
135.8	10000000
135.9	10000000
136	10000000
136.1	10000000
136.2	10000000
136.3	10000000
136.4	10000000
136.5	10000000
136.6	10000000
136.7	10000000
136.8	10000000
136.9	10000000
137	10000000
137.1	10000000
137.2	10000000
137.3	10000000
137.4	10000000
137.5	10000000
137.6	10000000
137.7	10000000
137.8	10000000
137.9	10000000
138	10000000
138.1	10000000
138.2	10000000
138.3	10000000
138.4	10000000
138.5	10000000
138.6	10000000
138.7	10000000
138.8	10000000
138.9	10000000
139	10000000
139.1	10000000
139.2	10000000
139.3	10000000
139.4	10000000
139.5	10000000
139.6	10000000
139.7	10000000
139.8	10000000
139.9	10000000
140	10000000
140.1	10000000
140.2	10000000
140.3	10000000
140.4	10000000
140.5	10000000
140.6	10000000
140.7	10000000
140.8	10000000
140.9	10000000
141	10000000
141.1	10000000
141.2	10000000
141.3	10000000
141.4	10000000
141.5	10000000
141.6	10000000
141.7	10000000
141.8	10000000
141.9	10000000
142	10000000
142.1	10000000
142.2	10000000
142.3	10000000
142.4	10000000
142.5	10000000
142.6	10000000
142.7	10000000
142.8	10000000
142.9	10000000
143	10000000
143.1	10000000
143.2	10000000
143.3	10000000
143.4	10000000
143.5	10000000
143.6	10000000
143.7	10000000
143.8	10000000
143.9	10000000
144	10000000
144.1	10000000
144.2	10000000
144.3	10000000
144.4	10000000
144.5	10000000
144.6	10000000
144.7	10000000
144.8	10000000
144.9	10000000
145	10000000
145.1	10000000
145.2	10000000
145.3	10000000
145.4	10000000
145.5	10000000
145.6	10000000
145.7	10000000
145.8	10000000
145.9	10000000
146	10000000
146.1	10000000
146.2	10000000
146.3	10000000
146.4	10000000
146.5	10000000
146.6	10000000
146.7	10000000
146.8	10000000
146.9	10000000
147	10000000
147.1	10000000
147.2	10000000
147.3	10000000
147.4	10000000
147.5	10000000
147.6	10000000
147.7	10000000
147.8	10000000
147.9	10000000
148	10000000
148.1	10000000
148.2	10000000
148.3	10000000
148.4	10000000
148.5	10000000
148.6	10000000
148.7	10000000
148.8	10000000
148.9	10000000
149	10000000
149.1	10000000
149.2	10000000
149.3	10000000
149.4	10000000
149.5	10000000
149.6	10000000
149.7	10000000
149.8	10000000
149.9	10000000
150	10000000
150.1	10000000
150.2	10000000
150.3	10000000
150.4	10000000
150.5	10000000
150.6	10000000
150.7	10000000
150.8	10000000
150.9	10000000
151	10000000
151.1	10000000
151.2	10000000
151.3	10000000
151.4	10000000
151.5	10000000
151.6	10000000
151.7	10000000
151.8	10000000
151.9	10000000
152	10000000
152.1	10000000
152.2	10000000
152.3	10000000
152.4	10000000
152.5	10000000
152.6	10000000
152.7	10000000
152.8	10000000
152.9	10000000
153	10000000
153.1	10000000
153.2	10000000
153.3	10000000
153.4	10000000
153.5	10000000
153.6	10000000
153.7	10000000
153.8	10000000
153.9	10000000
154	10000000
154.1	10000000
154.2	10000000
154.3	10000000
154.4	10000000
154.5	10000000
154.6	10000000
154.7	10000000
154.8	10000000
154.9	10000000
155	10000000
155.1	10000000
155.2	10000000
155.3	10000000
155.4	10000000
155.5	10000000
155.6	10000000
155.7	10000000
155.8	10000000
155.9	10000000
156	10000000
156.1	10000000
156.2	10000000
156.3	10000000
156.4	10000000
156.5	10000000
156.6	10000000
156.7	10000000
156.8	10000000
156.9	10000000
157	10000000
157.1	10000000
157.2	10000000
157.3	10000000
157.4	10000000
157.5	10000000
157.6	10000000
157.7	10000000
157.8	10000000
157.9	10000000
158	10000000
158.1	10000000
158.2	10000000
158.3	10000000
158.4	10000000
158.5	10000000
158.6	10000000
158.7	10000000
158.8	10000000
158.9	10000000
159	10000000
159.1	10000000
159.2	10000000
159.3	10000000
159.4	10000000
159.5	10000000
159.6	10000000
159.7	10000000
159.8	10000000
159.9	10000000
160	10000000
160.1	10000000
160.2	10000000
160.3	10000000
160.4	10000000
160.5	10000000
160.6	10000000
160.7	10000000
160.8	10000000
160.9	10000000
161	10000000
161.1	10000000
161.2	10000000
161.3	10000000
161.4	10000000
161.5	10000000
161.6	10000000
161.7	10000000
161.8	10000000
161.9	10000000
162	10000000
162.1	10000000
162.2	10000000
162.3	10000000
162.4	10000000
162.5	10000000
162.6	10000000
162.7	10000000
162.8	10000000
162.9	10000000
163	10000000
163.1	10000000
163.2	10000000
163.3	10000000
163.4	10000000
163.5	10000000
163.6	10000000
163.7	10000000
163.8	10000000
163.9	10000000
164	10000000
164.1	10000000
164.2	10000000
164.3	10000000
164.4	10000000
164.5	10000000
164.6	10000000
164.7	10000000
164.8	10000000
164.9	10000000
165	10000000
165.1	10000000
165.2	10000000
165.3	10000000
165.4	10000000
165.5	10000000
165.6	10000000
165.7	10000000
165.8	10000000
165.9	10000000
166	10000000
166.1	10000000
166.2	10000000
166.3	10000000
166.4	10000000
166.5	10000000
166.6	10000000
166.7	10000000
166.8	10000000
166.9	10000000
167	10000000
167.1	10000000
167.2	10000000
167.3	10000000
167.4	10000000
167.5	10000000
167.6	10000000
167.7	10000000
167.8	10000000
167.9	10000000
168	10000000
168.1	10000000
168.2	10000000
168.3	10000000
168.4	10000000
168.5	10000000
168.6	10000000
168.7	10000000
168.8	10000000
168.9	10000000
169	10000000
169.1	10000000
169.2	10000000
169.3	10000000
169.4	10000000
169.5	10000000
169.6	10000000
169.7	10000000
169.8	10000000
169.9	10000000
170	10000000
170.1	10000000
170.2	10000000
170.3	10000000
170.4	10000000
170.5	10000000
170.6	10000000
170.7	10000000
170.8	10000000
170.9	10000000
171	10000000
171.1	10000000
171.2	10000000
171.3	10000000
171.4	10000000
171.5	10000000
171.6	10000000
171.7	10000000
171.8	10000000
171.9	10000000
172	10000000
172.1	10000000
172.2	10000000
172.3	10000000
172.4	10000000
172.5	10000000
172.6	10000000
172.7	10000000
172.8	10000000
172.9	10000000
173	10000000
173.1	10000000
173.2	10000000
173.3	10000000
173.4	10000000
173.5	10000000
173.6	10000000
173.7	10000000
173.8	10000000
173.9	10000000
174	10000000
174.1	10000000
174.2	10000000
174.3	10000000
174.4	10000000
174.5	10000000
174.6	10000000
174.7	10000000
174.8	10000000
174.9	10000000
175	10000000
175.1	10000000
175.2	10000000
175.3	10000000
175.4	10000000
175.5	10000000
175.6	10000000
175.7	10000000
175.8	10000000
175.9	10000000
176	10000000
176.1	10000000
176.2	10000000
176.3	10000000
176.4	10000000
176.5	10000000
176.6	10000000
176.7	10000000
176.8	10000000
176.9	10000000
177	10000000
177.1	10000000
177.2	10000000
177.3	10000000
177.4	10000000
177.5	10000000
177.6	10000000
177.7	10000000
177.8	10000000
177.9	10000000
178	10000000
178.1	10000000
178.2	10000000
178.3	10000000
178.4	10000000
178.5	10000000
178.6	10000000
178.7	10000000
178.8	10000000
178.9	10000000
179	10000000
179.1	10000000
179.2	10000000
179.3	10000000
179.4	10000000
179.5	10000000
179.6	10000000
179.7	10000000
179.8	10000000
179.9	10000000
180	10000000
180.1	10000000
180.2	10000000
180.3	10000000
180.4	10000000
180.5	10000000
180.6	10000000
180.7	10000000
180.8	10000000
180.9	10000000
181	10000000
181.1	10000000
181.2	10000000
181.3	10000000
181.4	10000000
181.5	10000000
181.6	10000000
181.7	10000000
181.8	10000000
181.9	10000000
182	10000000
182.1	10000000
182.2	10000000
182.3	10000000
182.4	10000000
182.5	10000000
182.6	10000000
182.7	10000000
182.8	10000000
182.9	10000000
183	10000000
183.1	10000000
183.2	10000000
183.3	10000000
183.4	10000000
183.5	10000000
183.6	10000000
183.7	10000000
183.8	10000000
183.9	10000000
184	10000000
184.1	10000000
184.2	10000000
184.3	10000000
184.4	10000000
184.5	10000000
184.6	10000000
184.7	10000000
184.8	10000000
184.9	10000000
185	10000000
185.1	10000000
185.2	10000000
185.3	10000000
185.4	10000000
185.5	10000000
185.6	10000000
185.7	10000000
185.8	10000000
185.9	10000000
186	10000000
186.1	10000000
186.2	10000000
186.3	10000000
186.4	10000000
186.5	10000000
186.6	10000000
186.7	10000000
186.8	10000000
186.9	10000000
187	10000000
187.1	10000000
187.2	10000000
187.3	10000000
187.4	10000000
187.5	10000000
187.6	10000000
187.7	10000000
187.8	10000000
187.9	10000000
188	10000000
188.1	10000000
188.2	10000000
188.3	10000000
188.4	10000000
188.5	10000000
188.6	10000000
188.7	10000000
188.8	10000000
188.9	10000000
189	10000000
189.1	10000000
189.2	10000000
189.3	10000000
189.4	10000000
189.5	10000000
189.6	10000000
189.7	10000000
189.8	10000000
189.9	10000000
190	10000000
190.1	10000000
190.2	10000000
190.3	10000000
190.4	10000000
190.5	10000000
190.6	10000000
190.7	10000000
190.8	10000000
190.9	10000000
191	10000000
191.1	10000000
191.2	10000000
191.3	10000000
191.4	10000000
191.5	10000000
191.6	10000000
191.7	10000000
191.8	10000000
191.9	10000000
192	10000000
192.1	10000000
192.2	10000000
192.3	10000000
192.4	10000000
192.5	10000000
192.6	10000000
192.7	10000000
192.8	10000000
192.9	10000000
193	10000000
193.1	10000000
193.2	10000000
193.3	10000000
193.4	10000000
193.5	10000000
193.6	10000000
193.7	10000000
193.8	10000000
193.9	10000000
194	10000000
194.1	10000000
194.2	10000000
194.3	10000000
194.4	10000000
194.5	10000000
194.6	10000000
194.7	10000000
194.8	10000000
194.9	10000000
195	10000000
195.1	10000000
195.2	10000000
195.3	10000000
195.4	10000000
195.5	10000000
195.6	10000000
195.7	10000000
195.8	10000000
195.9	10000000
196	10000000
196.1	10000000
196.2	10000000
196.3	10000000
196.4	10000000
196.5	10000000
196.6	10000000
196.7	10000000
196.8	10000000
196.9	10000000
197	10000000
197.1	10000000
197.2	10000000
197.3	10000000
197.4	10000000
197.5	10000000
197.6	10000000
197.7	10000000
197.8	10000000
197.9	10000000
198	10000000
198.1	10000000
198.2	10000000
198.3	10000000
198.4	10000000
198.5	10000000
198.6	10000000
198.7	10000000
198.8	10000000
198.9	10000000
199	10000000
199.1	10000000
199.2	10000000
199.3	10000000
199.4	10000000
199.5	10000000
199.6	10000000
199.7	10000000
199.8	10000000
199.9	10000000
200	10000000
200.1	10000000
200.2	10000000
200.3	10000000
200.4	10000000
200.5	10000000
200.6	10000000
200.7	10000000
200.8	10000000
200.9	10000000
201	10000000
201.1	10000000
201.2	10000000
201.3	10000000
201.4	10000000
201.5	10000000
201.6	10000000
201.7	10000000
201.8	10000000
201.9	10000000
202	10000000
202.1	10000000
202.2	10000000
202.3	10000000
202.4	10000000
202.5	10000000
202.6	10000000
202.7	10000000
202.8	10000000
202.9	10000000
203	10000000
203.1	10000000
203.2	10000000
203.3	10000000
203.4	10000000
203.5	10000000
203.6	10000000
203.7	10000000
203.8	10000000
203.9	10000000
204	10000000
204.1	10000000
204.2	10000000
204.3	10000000
204.4	10000000
204.5	10000000
204.6	10000000
204.7	10000000
204.8	10000000
204.9	10000000
205	10000000
205.1	10000000
205.2	10000000
205.3	10000000
205.4	10000000
205.5	10000000
205.6	10000000
205.7	10000000
205.8	10000000
205.9	10000000
206	10000000
206.1	10000000
206.2	10000000
206.3	10000000
206.4	10000000
206.5	10000000
206.6	10000000
206.7	10000000
206.8	10000000
206.9	10000000
207	10000000
207.1	10000000
207.2	10000000
207.3	10000000
207.4	10000000
207.5	10000000
207.6	10000000
207.7	10000000
207.8	10000000
207.9	10000000
208	10000000
208.1	10000000
208.2	10000000
208.3	10000000
208.4	10000000
208.5	10000000
208.6	10000000
208.7	10000000
208.8	10000000
208.9	10000000
209	10000000
209.1	10000000
209.2	10000000
209.3	10000000
209.4	10000000
209.5	10000000
209.6	10000000
209.7	10000000
209.8	10000000
209.9	10000000
210	10000000
210.1	10000000
210.2	10000000
210.3	10000000
210.4	10000000
210.5	10000000
210.6	10000000
210.7	10000000
210.8	10000000
210.9	10000000
211	10000000
211.1	10000000
211.2	10000000
211.3	10000000
211.4	10000000
211.5	10000000
211.6	10000000
211.7	10000000
211.8	10000000
211.9	10000000
212	10000000
212.1	10000000
212.2	10000000
212.3	10000000
212.4	10000000
212.5	10000000
212.6	10000000
212.7	10000000
212.8	10000000
212.9	10000000
213	10000000
213.1	10000000
213.2	10000000
213.3	10000000
213.4	10000000
213.5	10000000
213.6	10000000
213.7	10000000
213.8	10000000
213.9	10000000
214	10000000
214.1	10000000
214.2	10000000
214.3	10000000
214.4	10000000
214.5	10000000
214.6	10000000
214.7	10000000
214.8	10000000
214.9	10000000
215	10000000
215.1	10000000
215.2	10000000
215.3	10000000
215.4	10000000
215.5	10000000
215.6	10000000
215.7	10000000
215.8	10000000
215.9	10000000
216	10000000
216.1	10000000
216.2	10000000
216.3	10000000
216.4	10000000
216.5	10000000
216.6	10000000
216.7	10000000
216.8	10000000
216.9	10000000
217	10000000
217.1	10000000
217.2	10000000
217.3	10000000
217.4	10000000
217.5	10000000
217.6	10000000
217.7	10000000
217.8	10000000
217.9	10000000
218	10000000
218.1	10000000
218.2	10000000
218.3	10000000
218.4	10000000
218.5	10000000
218.6	10000000
218.7	10000000
218.8	10000000
218.9	10000000
219	10000000
219.1	10000000
219.2	10000000
219.3	10000000
219.4	10000000
219.5	10000000
219.6	10000000
219.7	10000000
219.8	10000000
219.9	10000000
220	10000000
220.1	10000000
220.2	10000000
220.3	10000000
220.4	10000000
220.5	10000000
220.6	10000000
220.7	10000000
220.8	10000000
220.9	10000000
221	10000000
221.1	10000000
221.2	10000000
221.3	10000000
221.4	10000000
221.5	10000000
221.6	10000000
221.7	10000000
221.8	10000000
221.9	10000000
222	10000000
222.1	10000000
222.2	10000000
222.3	10000000
222.4	10000000
222.5	10000000
222.6	10000000
222.7	10000000
222.8	10000000
222.9	10000000
223	10000000
223.1	10000000
223.2	10000000
223.3	10000000
223.4	10000000
223.5	10000000
223.6	10000000
223.7	10000000
223.8	10000000
223.9	10000000
224	10000000
224.1	10000000
224.2	10000000
224.3	10000000
224.4	10000000
224.5	10000000
224.6	10000000
224.7	10000000
224.8	10000000
224.9	10000000
225	10000000
225.1	10000000
225.2	10000000
225.3	10000000
225.4	10000000
225.5	10000000
225.6	10000000
225.7	10000000
225.8	10000000
225.9	10000000
226	10000000
226.1	10000000
226.2	10000000
226.3	10000000
226.4	10000000
226.5	10000000
226.6	10000000
226.7	10000000
226.8	10000000
226.9	10000000
227	10000000
227.1	10000000
227.2	10000000
227.3	10000000
227.4	10000000
227.5	10000000
227.6	10000000
227.7	10000000
227.8	10000000
227.9	10000000
228	10000000
228.1	10000000
228.2	10000000
228.3	10000000
228.4	10000000
228.5	10000000
228.6	10000000
228.7	10000000
228.8	10000000
228.9	10000000
229	10000000
229.1	10000000
229.2	10000000
229.3	10000000
229.4	10000000
229.5	10000000
229.6	10000000
229.7	10000000
229.8	10000000
229.9	10000000
230	10000000
230.1	10000000
230.2	10000000
230.3	10000000
230.4	10000000
230.5	10000000
230.6	10000000
230.7	10000000
230.8	10000000
230.9	10000000
231	10000000
231.1	10000000
231.2	10000000
231.3	10000000
231.4	10000000
231.5	10000000
231.6	10000000
231.7	10000000
231.8	10000000
231.9	10000000
232	10000000
232.1	10000000
232.2	10000000
232.3	10000000
232.4	10000000
232.5	10000000
232.6	10000000
232.7	10000000
232.8	10000000
232.9	10000000
233	10000000
233.1	10000000
233.2	10000000
233.3	10000000
233.4	10000000
233.5	10000000
233.6	10000000
233.7	10000000
233.8	10000000
233.9	10000000
234	10000000
234.1	10000000
234.2	10000000
234.3	10000000
234.4	10000000
234.5	10000000
234.6	10000000
234.7	10000000
234.8	10000000
234.9	10000000
235	10000000
235.1	10000000
235.2	10000000
235.3	10000000
235.4	10000000
235.5	10000000
235.6	10000000
235.7	10000000
235.8	10000000
235.9	10000000
236	10000000
236.1	10000000
236.2	10000000
236.3	10000000
236.4	10000000
236.5	10000000
236.6	10000000
236.7	10000000
236.8	10000000
236.9	10000000
237	10000000
237.1	10000000
237.2	10000000
237.3	10000000
237.4	10000000
237.5	10000000
237.6	10000000
237.7	10000000
237.8	10000000
237.9	10000000
238	10000000
238.1	10000000
238.2	10000000
238.3	10000000
238.4	10000000
238.5	10000000
238.6	10000000
238.7	10000000
238.8	10000000
238.9	10000000
239	10000000
239.1	10000000
239.2	10000000
239.3	10000000
239.4	10000000
239.5	10000000
239.6	10000000
239.7	10000000
239.8	10000000
239.9	10000000
240	10000000
240.1	10000000
240.2	10000000
240.3	10000000
240.4	10000000
240.5	10000000
240.6	10000000
240.7	10000000
240.8	10000000
240.9	10000000
241	10000000
241.1	10000000
241.2	10000000
241.3	10000000
241.4	10000000
241.5	10000000
241.6	10000000
241.7	10000000
241.8	10000000
241.9	10000000
242	10000000
242.1	10000000
242.2	10000000
242.3	10000000
242.4	10000000
242.5	10000000
242.6	10000000
242.7	10000000
242.8	10000000
242.9	10000000
243	10000000
243.1	10000000
243.2	10000000
243.3	10000000
243.4	10000000
243.5	10000000
243.6	10000000
243.7	10000000
243.8	10000000
243.9	10000000
244	10000000
244.1	10000000
244.2	10000000
244.3	10000000
244.4	10000000
244.5	10000000
244.6	10000000
244.7	10000000
244.8	10000000
244.9	10000000
245	10000000
245.1	10000000
245.2	10000000
245.3	10000000
245.4	10000000
245.5	10000000
245.6	10000000
245.7	10000000
245.8	10000000
245.9	10000000
246	10000000
246.1	10000000
246.2	10000000
246.3	10000000
246.4	10000000
246.5	10000000
246.6	10000000
246.7	10000000
246.8	10000000
246.9	10000000
247	10000000
247.1	10000000
247.2	10000000
247.3	10000000
247.4	10000000
247.5	10000000
247.6	10000000
247.7	10000000
247.8	10000000
247.9	10000000
248	10000000
248.1	10000000
248.2	10000000
248.3	10000000
248.4	10000000
248.5	10000000
248.6	10000000
248.7	10000000
248.8	10000000
248.9	10000000
249	10000000
249.1	10000000
249.2	10000000
249.3	10000000
249.4	10000000
249.5	10000000
249.6	10000000
249.7	10000000
249.8	10000000
249.9	10000000
250	10000000
250.1	10000000
250.2	10000000
250.3	10000000
250.4	10000000
250.5	10000000
250.6	10000000
250.7	10000000
250.8	10000000
250.9	10000000
251	10000000
251.1	10000000
251.2	10000000
251.3	10000000
251.4	10000000
251.5	10000000
251.6	10000000
251.7	10000000
251.8	10000000
251.9	10000000
252	10000000
252.1	10000000
252.2	10000000
252.3	10000000
252.4	10000000
252.5	10000000
252.6	10000000
252.7	10000000
252.8	10000000
252.9	10000000
253	10000000
253.1	10000000
253.2	10000000
253.3	10000000
253.4	10000000
253.5	10000000
253.6	10000000
253.7	10000000
253.8	10000000
253.9	10000000
254	10000000
254.1	10000000
254.2	10000000
254.3	10000000
254.4	10000000
254.5	10000000
254.6	10000000
254.7	10000000
254.8	10000000
254.9	10000000
255	10000000
255.1	10000000
255.2	10000000
255.3	10000000
255.4	10000000
255.5	10000000
255.6	10000000
255.7	10000000
255.8	10000000
255.9	10000000
256	10000000
256.1	10000000
256.2	10000000
256.3	10000000
256.4	10000000
256.5	10000000
256.6	10000000
256.7	10000000
256.8	10000000
256.9	10000000
257	10000000
257.1	10000000
257.2	10000000
257.3	10000000
257.4	10000000
257.5	10000000
257.6	10000000
257.7	10000000
257.8	10000000
257.9	10000000
258	10000000
258.1	10000000
258.2	10000000
258.3	10000000
258.4	10000000
258.5	10000000
258.6	10000000
258.7	10000000
258.8	10000000
258.9	10000000
259	10000000
259.1	10000000
259.2	10000000
259.3	10000000
259.4	10000000
259.5	10000000
259.6	10000000
259.7	10000000
259.8	10000000
259.9	10000000
260	10000000
260.1	10000000
260.2	10000000
260.3	10000000
260.4	10000000
260.5	10000000
260.6	10000000
260.7	10000000
260.8	10000000
260.9	10000000
261	10000000
261.1	10000000
261.2	10000000
261.3	10000000
261.4	10000000
261.5	10000000
261.6	10000000
261.7	10000000
261.8	10000000
261.9	10000000
262	10000000
262.1	10000000
262.2	10000000
262.3	10000000
262.4	10000000
262.5	10000000
262.6	10000000
262.7	10000000
262.8	10000000
262.9	10000000
263	10000000
263.1	10000000
263.2	10000000
263.3	10000000
263.4	10000000
263.5	10000000
263.6	10000000
263.7	10000000
263.8	10000000
263.9	10000000
264	10000000
264.1	10000000
264.2	10000000
264.3	10000000
264.4	10000000
264.5	10000000
264.6	10000000
264.7	10000000
264.8	10000000
264.9	10000000
265	10000000
265.1	10000000
265.2	10000000
265.3	10000000
265.4	10000000
265.5	10000000
265.6	10000000
265.7	10000000
265.8	10000000
265.9	10000000
266	10000000
266.1	10000000
266.2	10000000
266.3	10000000
266.4	10000000
266.5	10000000
266.6	10000000
266.7	10000000
266.8	10000000
266.9	10000000
267	10000000
267.1	10000000
267.2	10000000
267.3	10000000
267.4	10000000
267.5	10000000
267.6	10000000
267.7	10000000
267.8	10000000
267.9	10000000
268	10000000
268.1	10000000
268.2	10000000
268.3	10000000
268.4	10000000
268.5	10000000
268.6	10000000
268.7	10000000
268.8	10000000
268.9	10000000
269	10000000
269.1	10000000
269.2	10000000
269.3	10000000
269.4	10000000
269.5	10000000
269.6	10000000
269.7	10000000
269.8	10000000
269.9	10000000
270	10000000
270.1	10000000
270.2	10000000
270.3	10000000
270.4	10000000
270.5	10000000
270.6	10000000
270.7	10000000
270.8	10000000
270.9	10000000
271	10000000
271.1	10000000
271.2	10000000
271.3	10000000
271.4	10000000
271.5	10000000
271.6	10000000
271.7	10000000
271.8	10000000
271.9	10000000
272	10000000
272.1	10000000
272.2	10000000
272.3	10000000
272.4	10000000
272.5	10000000
272.6	10000000
272.7	10000000
272.8	10000000
272.9	10000000
273	10000000
273.1	10000000
273.2	10000000
273.3	10000000
273.4	10000000
273.5	10000000
273.6	10000000
273.7	10000000
273.8	10000000
273.9	10000000
274	10000000
274.1	10000000
274.2	10000000
274.3	10000000
274.4	10000000
274.5	10000000
274.6	10000000
274.7	10000000
274.8	10000000
274.9	10000000
275	10000000
275.1	10000000
275.2	10000000
275.3	10000000
275.4	10000000
275.5	10000000
275.6	10000000
275.7	10000000
275.8	10000000
275.9	10000000
276	10000000
276.1	10000000
276.2	10000000
276.3	10000000
276.4	10000000
276.5	10000000
276.6	10000000
276.7	10000000
276.8	10000000
276.9	10000000
277	10000000
277.1	10000000
277.2	10000000
277.3	10000000
277.4	10000000
277.5	10000000
277.6	10000000
277.7	10000000
277.8	10000000
277.9	10000000
278	10000000
278.1	10000000
278.2	10000000
278.3	10000000
278.4	10000000
278.5	10000000
278.6	10000000
278.7	10000000
278.8	10000000
278.9	10000000
279	10000000
279.1	10000000
279.2	10000000
279.3	10000000
279.4	10000000
279.5	10000000
279.6	10000000
279.7	10000000
279.8	10000000
279.9	10000000
280	10000000
280.1	10000000
280.2	10000000
280.3	10000000
280.4	10000000
280.5	10000000
280.6	10000000
280.7	10000000
280.8	10000000
280.9	10000000
281	10000000
281.1	10000000
281.2	10000000
281.3	10000000
281.4	10000000
281.5	10000000
281.6	10000000
281.7	10000000
281.8	10000000
281.9	10000000
282	10000000
282.1	10000000
282.2	10000000
282.3	10000000
282.4	10000000
282.5	10000000
282.6	10000000
282.7	10000000
282.8	10000000
282.9	10000000
283	10000000
283.1	10000000
283.2	10000000
283.3	10000000
283.4	10000000
283.5	10000000
283.6	10000000
283.7	10000000
283.8	10000000
283.9	10000000
284	10000000
284.1	10000000
284.2	10000000
284.3	10000000
284.4	10000000
284.5	10000000
284.6	10000000
284.7	10000000
284.8	10000000
284.9	10000000
285	10000000
285.1	10000000
285.2	10000000
285.3	10000000
285.4	10000000
285.5	10000000
285.6	10000000
285.7	10000000
285.8	10000000
285.9	10000000
286	10000000
286.1	10000000
286.2	10000000
286.3	10000000
286.4	10000000
286.5	10000000
286.6	10000000
286.7	10000000
286.8	10000000
286.9	10000000
287	10000000
287.1	10000000
287.2	10000000
287.3	10000000
287.4	10000000
287.5	10000000
287.6	10000000
287.7	10000000
287.8	10000000
287.9	10000000
288	10000000
288.1	10000000
288.2	10000000
288.3	10000000
288.4	10000000
288.5	10000000
288.6	10000000
288.7	10000000
288.8	10000000
288.9	10000000
289	10000000
289.1	10000000
289.2	10000000
289.3	10000000
289.4	10000000
289.5	10000000
289.6	10000000
289.7	10000000
289.8	10000000
289.9	10000000
290	10000000
290.1	10000000
290.2	10000000
290.3	10000000
290.4	10000000
290.5	10000000
290.6	10000000
290.7	10000000
290.8	10000000
290.9	10000000
291	10000000
291.1	10000000
291.2	10000000
291.3	10000000
291.4	10000000
291.5	10000000
291.6	10000000
291.7	10000000
291.8	10000000
291.9	10000000
292	10000000
292.1	10000000
292.2	10000000
292.3	10000000
292.4	10000000
292.5	10000000
292.6	10000000
292.7	10000000
292.8	10000000
292.9	10000000
293	10000000
293.1	10000000
293.2	10000000
293.3	10000000
293.4	10000000
293.5	10000000
293.6	10000000
293.7	10000000
293.8	10000000
293.9	10000000
294	10000000
294.1	10000000
294.2	10000000
294.3	10000000
294.4	10000000
294.5	10000000
294.6	10000000
294.7	10000000
294.8	10000000
294.9	10000000
295	10000000
295.1	10000000
295.2	10000000
295.3	10000000
295.4	10000000
295.5	10000000
295.6	10000000
295.7	10000000
295.8	10000000
295.9	10000000
296	10000000
296.1	10000000
296.2	10000000
296.3	10000000
296.4	10000000
296.5	10000000
296.6	10000000
296.7	10000000
296.8	10000000
296.9	10000000
297	10000000
297.1	10000000
297.2	10000000
297.3	10000000
297.4	10000000
297.5	10000000
297.6	10000000
297.7	10000000
297.8	10000000
297.9	10000000
298	10000000
298.1	10000000
298.2	10000000
298.3	10000000
298.4	10000000
298.5	10000000
298.6	10000000
298.7	10000000
298.8	10000000
298.9	10000000
299	10000000
299.1	10000000
299.2	10000000
299.3	10000000
299.4	10000000
299.5	10000000
299.6	10000000
299.7	10000000
299.8	10000000
299.9	10000000
300	10000000
300.1	10000000
300.2	10000000
300.3	10000000
300.4	10000000
300.5	10000000
300.6	10000000
300.7	10000000
300.8	10000000
300.9	10000000
301	10000000
301.1	10000000
301.2	10000000
301.3	10000000
301.4	10000000
301.5	10000000
301.6	10000000
301.7	10000000
301.8	10000000
301.9	10000000
302	10000000
302.1	10000000
302.2	10000000
302.3	10000000
302.4	10000000
302.5	10000000
302.6	10000000
302.7	10000000
302.8	10000000
302.9	10000000
303	10000000
303.1	10000000
303.2	10000000
303.3	10000000
303.4	10000000
303.5	10000000
303.6	10000000
303.7	10000000
303.8	10000000
303.9	10000000
304	10000000
304.1	10000000
304.2	10000000
304.3	10000000
304.4	10000000
304.5	10000000
304.6	10000000
304.7	10000000
304.8	10000000
304.9	10000000
305	10000000
305.1	10000000
305.2	10000000
305.3	10000000
305.4	10000000
305.5	10000000
305.6	10000000
305.7	10000000
305.8	10000000
305.9	10000000
306	10000000
306.1	10000000
306.2	10000000
306.3	10000000
306.4	10000000
306.5	10000000
306.6	10000000
306.7	10000000
306.8	10000000
306.9	10000000
307	10000000
307.1	10000000
307.2	10000000
307.3	10000000
307.4	10000000
307.5	10000000
307.6	10000000
307.7	10000000
307.8	10000000
307.9	10000000
308	10000000
308.1	10000000
308.2	10000000
308.3	10000000
308.4	10000000
308.5	10000000
308.6	10000000
308.7	10000000
308.8	10000000
308.9	10000000
309	10000000
309.1	10000000
309.2	10000000
309.3	10000000
309.4	10000000
309.5	10000000
309.6	10000000
309.7	10000000
309.8	10000000
309.9	10000000
310	10000000
310.1	10000000
310.2	10000000
310.3	10000000
310.4	10000000
310.5	10000000
310.6	10000000
310.7	10000000
310.8	10000000
310.9	10000000
311	10000000
311.1	10000000
311.2	10000000
311.3	10000000
311.4	10000000
311.5	10000000
311.6	10000000
311.7	10000000
311.8	10000000
311.9	10000000
312	10000000
312.1	10000000
312.2	10000000
312.3	10000000
312.4	10000000
312.5	10000000
312.6	10000000
312.7	10000000
312.8	10000000
312.9	10000000
313	10000000
313.1	10000000
313.2	10000000
313.3	10000000
313.4	10000000
313.5	10000000
313.6	10000000
313.7	10000000
313.8	10000000
313.9	10000000
314	10000000
314.1	10000000
314.2	10000000
314.3	10000000
314.4	10000000
314.5	10000000
314.6	10000000
314.7	10000000
314.8	10000000
314.9	10000000
315	10000000
315.1	10000000
315.2	10000000
315.3	10000000
315.4	10000000
315.5	10000000
315.6	10000000
315.7	10000000
315.8	10000000
315.9	10000000
316	10000000
316.1	10000000
316.2	10000000
316.3	10000000
316.4	10000000
316.5	10000000
316.6	10000000
316.7	10000000
316.8	10000000
316.9	10000000
317	10000000
317.1	10000000
317.2	10000000
317.3	10000000
317.4	10000000
317.5	10000000
317.6	10000000
317.7	10000000
317.8	10000000
317.9	10000000
318	10000000
318.1	10000000
318.2	10000000
318.3	10000000
318.4	10000000
318.5	10000000
318.6	10000000
318.7	10000000
318.8	10000000
318.9	10000000
319	10000000
319.1	10000000
319.2	10000000
319.3	10000000
319.4	10000000
319.5	10000000
319.6	10000000
319.7	10000000
319.8	10000000
319.9	10000000
320	10000000
320.1	10000000
320.2	10000000
320.3	10000000
320.4	10000000
320.5	10000000
320.6	10000000
320.7	10000000
320.8	10000000
320.9	10000000
321	10000000
321.1	10000000
321.2	10000000
321.3	10000000
321.4	10000000
321.5	10000000
321.6	10000000
321.7	10000000
321.8	10000000
321.9	10000000
322	10000000
322.1	10000000
322.2	10000000
322.3	10000000
322.4	10000000
322.5	10000000
322.6	10000000
322.7	10000000
322.8	10000000
322.9	10000000
323	10000000
323.1	10000000
323.2	10000000
323.3	10000000
323.4	10000000
323.5	10000000
323.6	10000000
323.7	10000000
323.8	10000000
323.9	10000000
324	10000000
324.1	10000000
324.2	10000000
324.3	10000000
324.4	10000000
324.5	10000000
324.6	10000000
324.7	10000000
324.8	10000000
324.9	10000000
325	10000000
325.1	10000000
325.2	10000000
325.3	10000000
325.4	10000000
325.5	10000000
325.6	10000000
325.7	10000000
325.8	10000000
325.9	10000000
326	10000000
326.1	10000000
326.2	10000000
326.3	10000000
326.4	10000000
326.5	10000000
326.6	10000000
326.7	10000000
326.8	10000000
326.9	10000000
327	10000000
327.1	10000000
327.2	10000000
327.3	10000000
327.4	10000000
327.5	10000000
327.6	10000000
327.7	10000000
327.8	10000000
327.9	10000000
328	10000000
328.1	10000000
328.2	10000000
328.3	10000000
328.4	10000000
328.5	10000000
328.6	10000000
328.7	10000000
328.8	10000000
328.9	10000000
329	10000000
329.1	10000000
329.2	10000000
329.3	10000000
329.4	10000000
329.5	10000000
329.6	10000000
329.7	10000000
329.8	10000000
329.9	10000000
330	10000000
330.1	10000000
330.2	10000000
330.3	10000000
330.4	10000000
330.5	10000000
330.6	10000000
330.7	10000000
330.8	10000000
330.9	10000000
331	10000000
331.1	10000000
331.2	10000000
331.3	10000000
331.4	10000000
331.5	10000000
331.6	10000000
331.7	10000000
331.8	10000000
331.9	10000000
332	10000000
332.1	10000000
332.2	10000000
332.3	10000000
332.4	10000000
332.5	10000000
332.6	10000000
332.7	10000000
332.8	10000000
332.9	10000000
333	10000000
333.1	10000000
333.2	10000000
333.3	10000000
333.4	10000000
333.5	10000000
333.6	10000000
333.7	10000000
333.8	10000000
333.9	10000000
334	10000000
334.1	10000000
334.2	10000000
334.3	10000000
334.4	10000000
334.5	10000000
334.6	10000000
334.7	10000000
334.8	10000000
334.9	10000000
335	10000000
335.1	10000000
335.2	10000000
335.3	10000000
335.4	10000000
335.5	10000000
335.6	10000000
335.7	10000000
335.8	10000000
335.9	10000000
336	10000000
336.1	10000000
336.2	10000000
336.3	10000000
336.4	10000000
336.5	10000000
336.6	10000000
336.7	10000000
336.8	10000000
336.9	10000000
337	10000000
337.1	10000000
337.2	10000000
337.3	10000000
337.4	10000000
337.5	10000000
337.6	10000000
337.7	10000000
337.8	10000000
337.9	10000000
338	10000000
338.1	10000000
338.2	10000000
338.3	10000000
338.4	10000000
338.5	10000000
338.6	10000000
338.7	10000000
338.8	10000000
338.9	10000000
339	10000000
339.1	10000000
339.2	10000000
339.3	10000000
339.4	10000000
339.5	10000000
339.6	10000000
339.7	10000000
339.8	10000000
339.9	10000000
340	10000000
340.1	10000000
340.2	10000000
340.3	10000000
340.4	10000000
340.5	10000000
340.6	10000000
340.7	10000000
340.8	10000000
340.9	10000000
341	10000000
341.1	10000000
341.2	10000000
341.3	10000000
341.4	10000000
341.5	10000000
341.6	10000000
341.7	10000000
341.8	10000000
341.9	10000000
342	10000000
342.1	10000000
342.2	10000000
342.3	10000000
342.4	10000000
342.5	10000000
342.6	10000000
342.7	10000000
342.8	10000000
342.9	10000000
343	10000000
343.1	10000000
343.2	10000000
343.3	10000000
343.4	10000000
343.5	10000000
343.6	10000000
343.7	10000000
343.8	10000000
343.9	10000000
344	10000000
344.1	10000000
344.2	10000000
344.3	10000000
344.4	10000000
344.5	10000000
344.6	10000000
344.7	10000000
344.8	10000000
344.9	10000000
345	10000000
345.1	10000000
345.2	10000000
345.3	10000000
345.4	10000000
345.5	10000000
345.6	10000000
345.7	10000000
345.8	10000000
345.9	10000000
346	10000000
346.1	10000000
346.2	10000000
346.3	10000000
346.4	10000000
346.5	10000000
346.6	10000000
346.7	10000000
346.8	10000000
346.9	10000000
347	10000000
347.1	10000000
347.2	10000000
347.3	10000000
347.4	10000000
347.5	10000000
347.6	10000000
347.7	10000000
347.8	10000000
347.9	10000000
348	10000000
348.1	10000000
348.2	10000000
348.3	10000000
348.4	10000000
348.5	10000000
348.6	10000000
348.7	10000000
348.8	10000000
348.9	10000000
349	10000000
349.1	10000000
349.2	10000000
349.3	10000000
349.4	10000000
349.5	10000000
349.6	10000000
349.7	10000000
349.8	10000000
349.9	10000000
350	10000000
350.1	10000000
350.2	10000000
350.3	10000000
350.4	10000000
350.5	10000000
350.6	10000000
350.7	10000000
350.8	10000000
350.9	10000000
351	10000000
351.1	10000000
351.2	10000000
351.3	10000000
351.4	10000000
351.5	10000000
351.6	10000000
351.7	10000000
351.8	10000000
351.9	10000000
352	10000000
352.1	10000000
352.2	10000000
352.3	10000000
352.4	10000000
352.5	10000000
352.6	10000000
352.7	10000000
352.8	10000000
352.9	10000000
353	10000000
353.1	10000000
353.2	10000000
353.3	10000000
353.4	10000000
353.5	10000000
353.6	10000000
353.7	10000000
353.8	10000000
353.9	10000000
354	10000000
354.1	10000000
354.2	10000000
354.3	10000000
354.4	10000000
354.5	10000000
354.6	10000000
354.7	10000000
354.8	10000000
354.9	10000000
355	10000000
355.1	10000000
355.2	10000000
355.3	10000000
355.4	10000000
355.5	10000000
355.6	10000000
355.7	10000000
355.8	10000000
355.9	10000000
356	10000000
356.1	10000000
356.2	10000000
356.3	10000000
356.4	10000000
356.5	10000000
356.6	10000000
356.7	10000000
356.8	10000000
356.9	10000000
357	10000000
357.1	10000000
357.2	10000000
357.3	10000000
357.4	10000000
357.5	10000000
357.6	10000000
357.7	10000000
357.8	10000000
357.9	10000000
358	10000000
358.1	10000000
358.2	10000000
358.3	10000000
358.4	10000000
358.5	10000000
358.6	10000000
358.7	10000000
358.8	10000000
358.9	10000000
359	10000000
359.1	10000000
359.2	10000000
359.3	10000000
359.4	10000000
359.5	10000000
359.6	10000000
359.7	10000000
359.8	10000000
359.9	10000000
360	10000000
360.1	10000000
360.2	10000000
360.3	10000000
360.4	10000000
360.5	10000000
360.6	10000000
360.7	10000000
360.8	10000000
360.9	10000000
361	10000000
361.1	10000000
361.2	10000000
361.3	10000000
361.4	10000000
361.5	10000000
361.6	10000000
361.7	10000000
361.8	10000000
361.9	10000000
362	10000000
362.1	10000000
362.2	10000000
362.3	10000000
362.4	10000000
362.5	10000000
362.6	10000000
362.7	10000000
362.8	10000000
362.9	10000000
363	10000000
363.1	10000000
363.2	10000000
363.3	10000000
363.4	10000000
363.5	10000000
363.6	10000000
363.7	10000000
363.8	10000000
363.9	10000000
364	10000000
364.1	10000000
364.2	10000000
364.3	10000000
364.4	10000000
364.5	10000000
364.6	10000000
364.7	10000000
364.8	10000000
364.9	10000000
365	10000000
365.1	10000000
365.2	10000000
365.3	10000000
365.4	10000000
365.5	10000000
365.6	10000000
365.7	10000000
365.8	10000000
365.9	10000000
366	10000000
366.1	10000000
366.2	10000000
366.3	10000000
366.4	10000000
366.5	10000000
366.6	10000000
366.7	10000000
366.8	10000000
366.9	10000000
367	10000000
367.1	10000000
367.2	10000000
367.3	10000000
367.4	10000000
367.5	10000000
367.6	10000000
367.7	10000000
367.8	10000000
367.9	10000000
368	10000000
368.1	10000000
368.2	10000000
368.3	10000000
368.4	10000000
368.5	10000000
368.6	10000000
368.7	10000000
368.8	10000000
368.9	10000000
369	10000000
369.1	10000000
369.2	10000000
369.3	10000000
369.4	10000000
369.5	10000000
369.6	10000000
369.7	10000000
369.8	10000000
369.9	10000000
370	10000000
370.1	10000000
370.2	10000000
370.3	10000000
370.4	10000000
370.5	10000000
370.6	10000000
370.7	10000000
370.8	10000000
370.9	10000000
371	10000000
371.1	10000000
371.2	10000000
371.3	10000000
371.4	10000000
371.5	10000000
371.6	10000000
371.7	10000000
371.8	10000000
371.9	10000000
372	10000000
372.1	10000000
372.2	10000000
372.3	10000000
372.4	10000000
372.5	10000000
372.6	10000000
372.7	10000000
372.8	10000000
372.9	10000000
373	10000000
373.1	10000000
373.2	10000000
373.3	10000000
373.4	10000000
373.5	10000000
373.6	10000000
373.7	10000000
373.8	10000000
373.9	10000000
374	10000000
374.1	10000000
374.2	10000000
374.3	10000000
374.4	10000000
374.5	10000000
374.6	10000000
374.7	10000000
374.8	10000000
374.9	10000000
375	10000000
375.1	10000000
375.2	10000000
375.3	10000000
375.4	10000000
375.5	10000000
375.6	10000000
375.7	10000000
375.8	10000000
375.9	10000000
376	10000000
376.1	10000000
376.2	10000000
376.3	10000000
376.4	10000000
376.5	10000000
376.6	10000000
376.7	10000000
376.8	10000000
376.9	10000000
377	10000000
377.1	10000000
377.2	10000000
377.3	10000000
377.4	10000000
377.5	10000000
377.6	10000000
377.7	10000000
377.8	10000000
377.9	10000000
378	10000000
378.1	10000000
378.2	10000000
378.3	10000000
378.4	10000000
378.5	10000000
378.6	10000000
378.7	10000000
378.8	10000000
378.9	10000000
379	10000000
379.1	10000000
379.2	10000000
379.3	10000000
379.4	10000000
379.5	10000000
379.6	10000000
379.7	10000000
379.8	10000000
379.9	10000000
380	10000000
380.1	10000000
380.2	10000000
380.3	10000000
380.4	10000000
380.5	10000000
380.6	10000000
380.7	10000000
380.8	10000000
380.9	10000000
381	10000000
381.1	10000000
381.2	10000000
381.3	10000000
381.4	10000000
381.5	10000000
381.6	10000000
381.7	10000000
381.8	10000000
381.9	10000000
382	10000000
382.1	10000000
382.2	10000000
382.3	10000000
382.4	10000000
382.5	10000000
382.6	10000000
382.7	10000000
382.8	10000000
382.9	10000000
383	10000000
383.1	10000000
383.2	10000000
383.3	10000000
383.4	10000000
383.5	10000000
383.6	10000000
383.7	10000000
383.8	10000000
383.9	10000000
384	10000000
384.1	10000000
384.2	10000000
384.3	10000000
384.4	10000000
384.5	10000000
384.6	10000000
384.7	10000000
384.8	10000000
384.9	10000000
385	10000000
385.1	10000000
385.2	10000000
385.3	10000000
385.4	10000000
385.5	10000000
385.6	10000000
385.7	10000000
385.8	10000000
385.9	10000000
386	10000000
386.1	10000000
386.2	10000000
386.3	10000000
386.4	10000000
386.5	10000000
386.6	10000000
386.7	10000000
386.8	10000000
386.9	10000000
387	10000000
387.1	10000000
387.2	10000000
387.3	10000000
387.4	10000000
387.5	10000000
387.6	10000000
387.7	10000000
387.8	10000000
387.9	10000000
388	10000000
388.1	10000000
388.2	10000000
388.3	10000000
388.4	10000000
388.5	10000000
388.6	10000000
388.7	10000000
388.8	10000000
388.9	10000000
389	10000000
389.1	10000000
389.2	10000000
389.3	10000000
389.4	10000000
389.5	10000000
389.6	10000000
389.7	10000000
389.8	10000000
389.9	10000000
390	10000000
390.1	10000000
390.2	10000000
390.3	10000000
390.4	10000000
390.5	10000000
390.6	10000000
390.7	10000000
390.8	10000000
390.9	10000000
391	10000000
391.1	10000000
391.2	10000000
391.3	10000000
391.4	10000000
391.5	10000000
391.6	10000000
391.7	10000000
391.8	10000000
391.9	10000000
392	10000000
392.1	10000000
392.2	10000000
392.3	10000000
392.4	10000000
392.5	10000000
392.6	10000000
392.7	10000000
392.8	10000000
392.9	10000000
393	10000000
393.1	10000000
393.2	10000000
393.3	10000000
393.4	10000000
393.5	10000000
393.6	10000000
393.7	10000000
393.8	10000000
393.9	10000000
394	10000000
394.1	10000000
394.2	10000000
394.3	10000000
394.4	10000000
394.5	10000000
394.6	10000000
394.7	10000000
394.8	10000000
394.9	10000000
395	10000000
395.1	10000000
395.2	10000000
395.3	10000000
395.4	10000000
395.5	10000000
395.6	10000000
395.7	10000000
395.8	10000000
395.9	10000000
396	10000000
396.1	10000000
396.2	10000000
396.3	10000000
396.4	10000000
396.5	10000000
396.6	10000000
396.7	10000000
396.8	10000000
396.9	10000000
397	10000000
397.1	10000000
397.2	10000000
397.3	10000000
397.4	10000000
397.5	10000000
397.6	10000000
397.7	10000000
397.8	10000000
397.9	10000000
398	10000000
398.1	10000000
398.2	10000000
398.3	10000000
398.4	10000000
398.5	10000000
398.6	10000000
398.7	10000000
398.8	10000000
398.9	10000000
399	10000000
399.1	10000000
399.2	10000000
399.3	10000000
399.4	10000000
399.5	10000000
399.6	10000000
399.7	10000000
399.8	10000000
399.9	10000000
400	10000000
400.1	10000000
400.2	10000000
400.3	10000000
400.4	10000000
400.5	10000000
400.6	10000000
400.7	10000000
400.8	10000000
400.9	10000000
401	10000000
401.1	10000000
401.2	10000000
401.3	10000000
401.4	10000000
401.5	10000000
401.6	10000000
401.7	10000000
401.8	10000000
401.9	10000000
402	10000000
402.1	10000000
402.2	10000000
402.3	10000000
402.4	10000000
402.5	10000000
402.6	10000000
402.7	10000000
402.8	10000000
402.9	10000000
403	10000000
403.1	10000000
403.2	10000000
403.3	10000000
403.4	10000000
403.5	10000000
403.6	10000000
403.7	10000000
403.8	10000000
403.9	10000000
404	10000000
404.1	10000000
404.2	10000000
404.3	10000000
404.4	10000000
404.5	10000000
404.6	10000000
404.7	10000000
404.8	10000000
404.9	10000000
405	10000000
405.1	10000000
405.2	10000000
405.3	10000000
405.4	10000000
405.5	10000000
405.6	10000000
405.7	10000000
405.8	10000000
405.9	10000000
406	10000000
406.1	10000000
406.2	10000000
406.3	10000000
406.4	10000000
406.5	10000000
406.6	10000000
406.7	10000000
406.8	10000000
406.9	10000000
407	10000000
407.1	10000000
407.2	10000000
407.3	10000000
407.4	10000000
407.5	10000000
407.6	10000000
407.7	10000000
407.8	10000000
407.9	10000000
408	10000000
408.1	10000000
408.2	10000000
408.3	10000000
408.4	10000000
408.5	10000000
408.6	10000000
408.7	10000000
408.8	10000000
408.9	10000000
409	10000000
409.1	10000000
409.2	10000000
409.3	10000000
409.4	10000000
409.5	10000000
409.6	10000000
409.7	10000000
409.8	10000000
409.9	10000000
410	10000000
410.1	10000000
410.2	10000000
410.3	10000000
410.4	10000000
410.5	10000000
410.6	10000000
410.7	10000000
410.8	10000000
410.9	10000000
411	10000000
411.1	10000000
411.2	10000000
411.3	10000000
411.4	10000000
411.5	10000000
411.6	10000000
411.7	10000000
411.8	10000000
411.9	10000000
412	10000000
412.1	10000000
412.2	10000000
412.3	10000000
412.4	10000000
412.5	10000000
412.6	10000000
412.7	10000000
412.8	10000000
412.9	10000000
413	10000000
413.1	10000000
413.2	10000000
413.3	10000000
413.4	10000000
413.5	10000000
413.6	10000000
413.7	10000000
413.8	10000000
413.9	10000000
414	10000000
414.1	10000000
414.2	10000000
414.3	10000000
414.4	10000000
414.5	10000000
414.6	10000000
414.7	10000000
414.8	10000000
414.9	10000000
415	10000000
415.1	10000000
415.2	10000000
415.3	10000000
415.4	10000000
415.5	10000000
415.6	10000000
415.7	10000000
415.8	10000000
415.9	10000000
416	10000000
416.1	10000000
416.2	10000000
416.3	10000000
416.4	10000000
416.5	10000000
416.6	10000000
416.7	10000000
416.8	10000000
416.9	10000000
417	10000000
417.1	10000000
417.2	10000000
417.3	10000000
417.4	10000000
417.5	10000000
417.6	10000000
417.7	10000000
417.8	10000000
417.9	10000000
418	10000000
418.1	10000000
418.2	10000000
418.3	10000000
418.4	10000000
418.5	10000000
418.6	10000000
418.7	10000000
418.8	10000000
418.9	10000000
419	10000000
419.1	10000000
419.2	10000000
419.3	10000000
419.4	10000000
419.5	10000000
419.6	10000000
419.7	10000000
419.8	10000000
419.9	10000000
420	10000000
420.1	10000000
420.2	10000000
420.3	10000000
420.4	10000000
420.5	10000000
420.6	10000000
420.7	10000000
420.8	10000000
420.9	10000000
421	10000000
421.1	10000000
421.2	10000000
421.3	10000000
421.4	10000000
421.5	10000000
421.6	10000000
421.7	10000000
421.8	10000000
421.9	10000000
422	10000000
422.1	10000000
422.2	10000000
422.3	10000000
422.4	10000000
422.5	10000000
422.6	10000000
422.7	10000000
422.8	10000000
422.9	10000000
423	10000000
423.1	10000000
423.2	10000000
423.3	10000000
423.4	10000000
423.5	10000000
423.6	10000000
423.7	10000000
423.8	10000000
423.9	10000000
424	10000000
424.1	10000000
424.2	10000000
424.3	10000000
424.4	10000000
424.5	10000000
424.6	10000000
424.7	10000000
424.8	10000000
424.9	10000000
425	10000000
425.1	10000000
425.2	10000000
425.3	10000000
425.4	10000000
425.5	10000000
425.6	10000000
425.7	10000000
425.8	10000000
425.9	10000000
426	10000000
426.1	10000000
426.2	10000000
426.3	10000000
426.4	10000000
426.5	10000000
426.6	10000000
426.7	10000000
426.8	10000000
426.9	10000000
427	10000000
427.1	10000000
427.2	10000000
427.3	10000000
427.4	10000000
427.5	10000000
427.6	10000000
427.7	10000000
427.8	10000000
427.9	10000000
428	10000000
428.1	10000000
428.2	10000000
428.3	10000000
428.4	10000000
428.5	10000000
428.6	10000000
428.7	10000000
428.8	10000000
428.9	10000000
429	10000000
429.1	10000000
429.2	10000000
429.3	10000000
429.4	10000000
429.5	10000000
429.6	10000000
429.7	10000000
429.8	10000000
429.9	10000000
430	10000000
430.1	10000000
430.2	10000000
430.3	10000000
430.4	10000000
430.5	10000000
430.6	10000000
430.7	10000000
430.8	10000000
430.9	10000000
431	10000000
431.1	10000000
431.2	10000000
431.3	10000000
431.4	10000000
431.5	10000000
431.6	10000000
431.7	10000000
431.8	10000000
431.9	10000000
432	10000000
432.1	10000000
432.2	10000000
432.3	10000000
432.4	10000000
432.5	10000000
432.6	10000000
432.7	10000000
432.8	10000000
432.9	10000000
433	10000000
433.1	10000000
433.2	10000000
433.3	10000000
433.4	10000000
433.5	10000000
433.6	10000000
433.7	10000000
433.8	10000000
433.9	10000000
434	10000000
434.1	10000000
434.2	10000000
434.3	10000000
434.4	10000000
434.5	10000000
434.6	10000000
434.7	10000000
434.8	10000000
434.9	10000000
435	10000000
435.1	10000000
435.2	10000000
435.3	10000000
435.4	10000000
435.5	10000000
435.6	10000000
435.7	10000000
435.8	10000000
435.9	10000000
436	10000000
436.1	10000000
436.2	10000000
436.3	10000000
436.4	10000000
436.5	10000000
436.6	10000000
436.7	10000000
436.8	10000000
436.9	10000000
437	10000000
437.1	10000000
437.2	10000000
437.3	10000000
437.4	10000000
437.5	10000000
437.6	10000000
437.7	10000000
437.8	10000000
437.9	10000000
438	10000000
438.1	10000000
438.2	10000000
438.3	10000000
438.4	10000000
438.5	10000000
438.6	10000000
438.7	10000000
438.8	10000000
438.9	10000000
439	10000000
439.1	10000000
439.2	10000000
439.3	10000000
439.4	10000000
439.5	10000000
439.6	10000000
439.7	10000000
439.8	10000000
439.9	10000000
440	10000000
440.1	10000000
440.2	10000000
440.3	10000000
440.4	10000000
440.5	10000000
440.6	10000000
440.7	10000000
440.8	10000000
440.9	10000000
441	10000000
441.1	10000000
441.2	10000000
441.3	10000000
441.4	10000000
441.5	10000000
441.6	10000000
441.7	10000000
441.8	10000000
441.9	10000000
442	10000000
442.1	10000000
442.2	10000000
442.3	10000000
442.4	10000000
442.5	10000000
442.6	10000000
442.7	10000000
442.8	10000000
442.9	10000000
443	10000000
443.1	10000000
443.2	10000000
443.3	10000000
443.4	10000000
443.5	10000000
443.6	10000000
443.7	10000000
443.8	10000000
443.9	10000000
444	10000000
444.1	10000000
444.2	10000000
444.3	10000000
444.4	10000000
444.5	10000000
444.6	10000000
444.7	10000000
444.8	10000000
444.9	10000000
445	10000000
445.1	10000000
445.2	10000000
445.3	10000000
445.4	10000000
445.5	10000000
445.6	10000000
445.7	10000000
445.8	10000000
445.9	10000000
446	10000000
446.1	10000000
446.2	10000000
446.3	10000000
446.4	10000000
446.5	10000000
446.6	10000000
446.7	10000000
446.8	10000000
446.9	10000000
447	10000000
447.1	10000000
447.2	10000000
447.3	10000000
447.4	10000000
447.5	10000000
447.6	10000000
447.7	10000000
447.8	10000000
447.9	10000000
448	10000000
448.1	10000000
448.2	10000000
448.3	10000000
448.4	10000000
448.5	10000000
448.6	10000000
448.7	10000000
448.8	10000000
448.9	10000000
449	10000000
449.1	10000000
449.2	10000000
449.3	10000000
449.4	10000000
449.5	10000000
449.6	10000000
449.7	10000000
449.8	10000000
449.9	10000000
450	10000000
450.1	10000000
450.2	10000000
450.3	10000000
450.4	10000000
450.5	10000000
450.6	10000000
450.7	10000000
450.8	10000000
450.9	10000000
451	10000000
451.1	10000000
451.2	10000000
451.3	10000000
451.4	10000000
451.5	10000000
451.6	10000000
451.7	10000000
451.8	10000000
451.9	10000000
452	10000000
452.1	10000000
452.2	10000000
452.3	10000000
452.4	10000000
452.5	10000000
452.6	10000000
452.7	10000000
452.8	10000000
452.9	10000000
453	10000000
453.1	10000000
453.2	10000000
453.3	10000000
453.4	10000000
453.5	10000000
453.6	10000000
453.7	10000000
453.8	10000000
453.9	10000000
454	10000000
454.1	10000000
454.2	10000000
454.3	10000000
454.4	10000000
454.5	10000000
454.6	10000000
454.7	10000000
454.8	10000000
454.9	10000000
455	10000000
455.1	10000000
455.2	10000000
455.3	10000000
455.4	10000000
455.5	10000000
455.6	10000000
455.7	10000000
455.8	10000000
455.9	10000000
456	10000000
456.1	10000000
456.2	10000000
456.3	10000000
456.4	10000000
456.5	10000000
456.6	10000000
456.7	10000000
456.8	10000000
456.9	10000000
457	10000000
457.1	10000000
457.2	10000000
457.3	10000000
457.4	10000000
457.5	10000000
457.6	10000000
457.7	10000000
457.8	10000000
457.9	10000000
458	10000000
458.1	10000000
458.2	10000000
458.3	10000000
458.4	10000000
458.5	10000000
458.6	10000000
458.7	10000000
458.8	10000000
458.9	10000000
459	10000000
459.1	10000000
459.2	10000000
459.3	10000000
459.4	10000000
459.5	10000000
459.6	10000000
459.7	10000000
459.8	10000000
459.9	10000000
460	10000000
460.1	10000000
460.2	10000000
460.3	10000000
460.4	10000000
460.5	10000000
460.6	10000000
460.7	10000000
460.8	10000000
460.9	10000000
461	10000000
461.1	10000000
461.2	10000000
461.3	10000000
461.4	10000000
461.5	10000000
461.6	10000000
461.7	10000000
461.8	10000000
461.9	10000000
462	10000000
462.1	10000000
462.2	10000000
462.3	10000000
462.4	10000000
462.5	10000000
462.6	10000000
462.7	10000000
462.8	10000000
462.9	10000000
463	10000000
463.1	10000000
463.2	10000000
463.3	10000000
463.4	10000000
463.5	10000000
463.6	10000000
463.7	10000000
463.8	10000000
463.9	10000000
464	10000000
464.1	10000000
464.2	10000000
464.3	10000000
464.4	10000000
464.5	10000000
464.6	10000000
464.7	10000000
464.8	10000000
464.9	10000000
465	10000000
465.1	10000000
465.2	10000000
465.3	10000000
465.4	10000000
465.5	10000000
465.6	10000000
465.7	10000000
465.8	10000000
465.9	10000000
466	10000000
466.1	10000000
466.2	10000000
466.3	10000000
466.4	10000000
466.5	10000000
466.6	10000000
466.7	10000000
466.8	10000000
466.9	10000000
467	10000000
467.1	10000000
467.2	10000000
467.3	10000000
467.4	10000000
467.5	10000000
467.6	10000000
467.7	10000000
467.8	10000000
467.9	10000000
468	10000000
468.1	10000000
468.2	10000000
468.3	10000000
468.4	10000000
468.5	10000000
468.6	10000000
468.7	10000000
468.8	10000000
468.9	10000000
469	10000000
469.1	10000000
469.2	10000000
469.3	10000000
469.4	10000000
469.5	10000000
469.6	10000000
469.7	10000000
469.8	10000000
469.9	10000000
470	10000000
470.1	10000000
470.2	10000000
470.3	10000000
470.4	10000000
470.5	10000000
470.6	10000000
470.7	10000000
470.8	10000000
470.9	10000000
471	10000000
471.1	10000000
471.2	10000000
471.3	10000000
471.4	10000000
471.5	10000000
471.6	10000000
471.7	10000000
471.8	10000000
471.9	10000000
472	10000000
472.1	10000000
472.2	10000000
472.3	10000000
472.4	10000000
472.5	10000000
472.6	10000000
472.7	10000000
472.8	10000000
472.9	10000000
473	10000000
473.1	10000000
473.2	10000000
473.3	10000000
473.4	10000000
473.5	10000000
473.6	10000000
473.7	10000000
473.8	10000000
473.9	10000000
474	10000000
474.1	10000000
474.2	10000000
474.3	10000000
474.4	10000000
474.5	10000000
474.6	10000000
474.7	10000000
474.8	10000000
474.9	10000000
475	10000000
475.1	10000000
475.2	10000000
475.3	10000000
475.4	10000000
475.5	10000000
475.6	10000000
475.7	10000000
475.8	10000000
475.9	10000000
476	10000000
476.1	10000000
476.2	10000000
476.3	10000000
476.4	10000000
476.5	10000000
476.6	10000000
476.7	10000000
476.8	10000000
476.9	10000000
477	10000000
477.1	10000000
477.2	10000000
477.3	10000000
477.4	10000000
477.5	10000000
477.6	10000000
477.7	10000000
477.8	10000000
477.9	10000000
478	10000000
478.1	10000000
478.2	10000000
478.3	10000000
478.4	10000000
478.5	10000000
478.6	10000000
478.7	10000000
478.8	10000000
478.9	10000000
479	10000000
479.1	10000000
479.2	10000000
479.3	10000000
479.4	10000000
479.5	10000000
479.6	10000000
479.7	10000000
479.8	10000000
479.9	10000000
480	10000000
480.1	10000000
480.2	10000000
480.3	10000000
480.4	10000000
480.5	10000000
480.6	10000000
480.7	10000000
480.8	10000000
480.9	10000000
481	10000000
481.1	10000000
481.2	10000000
481.3	10000000
481.4	10000000
481.5	10000000
481.6	10000000
481.7	10000000
481.8	10000000
481.9	10000000
482	10000000
482.1	10000000
482.2	10000000
482.3	10000000
482.4	10000000
482.5	10000000
482.6	10000000
482.7	10000000
482.8	10000000
482.9	10000000
483	10000000
483.1	10000000
483.2	10000000
483.3	10000000
483.4	10000000
483.5	10000000
483.6	10000000
483.7	10000000
483.8	10000000
483.9	10000000
484	10000000
484.1	10000000
484.2	10000000
484.3	10000000
484.4	10000000
484.5	10000000
484.6	10000000
484.7	10000000
484.8	10000000
484.9	10000000
485	10000000
485.1	10000000
485.2	10000000
485.3	10000000
485.4	10000000
485.5	10000000
485.6	10000000
485.7	10000000
485.8	10000000
485.9	10000000
486	10000000
486.1	10000000
486.2	10000000
486.3	10000000
486.4	10000000
486.5	10000000
486.6	10000000
486.7	10000000
486.8	10000000
486.9	10000000
487	10000000
487.1	10000000
487.2	10000000
487.3	10000000
487.4	10000000
487.5	10000000
487.6	10000000
487.7	10000000
487.8	10000000
487.9	10000000
488	10000000
488.1	10000000
488.2	10000000
488.3	10000000
488.4	10000000
488.5	10000000
488.6	10000000
488.7	10000000
488.8	10000000
488.9	10000000
489	10000000
489.1	10000000
489.2	10000000
489.3	10000000
489.4	10000000
489.5	10000000
489.6	10000000
489.7	10000000
489.8	10000000
489.9	10000000
490	10000000
490.1	10000000
490.2	10000000
490.3	10000000
490.4	10000000
490.5	10000000
490.6	10000000
490.7	10000000
490.8	10000000
490.9	10000000
491	10000000
491.1	10000000
491.2	10000000
491.3	10000000
491.4	10000000
491.5	10000000
491.6	10000000
491.7	10000000
491.8	10000000
491.9	10000000
492	10000000
492.1	10000000
492.2	10000000
492.3	10000000
492.4	10000000
492.5	10000000
492.6	10000000
492.7	10000000
492.8	10000000
492.9	10000000
493	10000000
493.1	10000000
493.2	10000000
493.3	10000000
493.4	10000000
493.5	10000000
493.6	10000000
493.7	10000000
493.8	10000000
493.9	10000000
494	10000000
494.1	10000000
494.2	10000000
494.3	10000000
494.4	10000000
494.5	10000000
494.6	10000000
494.7	10000000
494.8	10000000
494.9	10000000
495	10000000
495.1	10000000
495.2	10000000
495.3	10000000
495.4	10000000
495.5	10000000
495.6	10000000
495.7	10000000
495.8	10000000
495.9	10000000
496	10000000
496.1	10000000
496.2	10000000
496.3	10000000
496.4	10000000
496.5	10000000
496.6	10000000
496.7	10000000
496.8	10000000
496.9	10000000
497	10000000
497.1	10000000
497.2	10000000
497.3	10000000
497.4	10000000
497.5	10000000
497.6	10000000
497.7	10000000
497.8	10000000
497.9	10000000
498	10000000
498.1	10000000
498.2	10000000
498.3	10000000
498.4	10000000
498.5	10000000
498.6	10000000
498.7	10000000
498.8	10000000
498.9	10000000
499	10000000
499.1	10000000
499.2	10000000
499.3	10000000
499.4	10000000
499.5	10000000
499.6	10000000
499.7	10000000
499.8	10000000
499.9	10000000
500	10000000
500.1	10000000
500.2	10000000
500.3	10000000
500.4	10000000
500.5	10000000
500.6	10000000
500.7	10000000
500.8	10000000
500.9	10000000
501	10000000
501.1	10000000
501.2	10000000
501.3	10000000
501.4	10000000
501.5	10000000
501.6	10000000
501.7	10000000
501.8	10000000
501.9	10000000
502	10000000
502.1	10000000
502.2	10000000
502.3	10000000
502.4	10000000
502.5	10000000
502.6	10000000
502.7	10000000
502.8	10000000
502.9	10000000
503	10000000
503.1	10000000
503.2	10000000
503.3	10000000
503.4	10000000
503.5	10000000
503.6	10000000
503.7	10000000
503.8	10000000
503.9	10000000
504	10000000
504.1	10000000
504.2	10000000
504.3	10000000
504.4	10000000
504.5	10000000
504.6	10000000
504.7	10000000
504.8	10000000
504.9	10000000
505	10000000
505.1	10000000
505.2	10000000
505.3	10000000
505.4	10000000
505.5	10000000
505.6	10000000
505.7	10000000
505.8	10000000
505.9	10000000
506	10000000
506.1	10000000
506.2	10000000
506.3	10000000
506.4	10000000
506.5	10000000
506.6	10000000
506.7	10000000
506.8	10000000
506.9	10000000
507	10000000
507.1	10000000
507.2	10000000
507.3	10000000
507.4	10000000
507.5	10000000
507.6	10000000
507.7	10000000
507.8	10000000
507.9	10000000
508	10000000
508.1	10000000
508.2	10000000
508.3	10000000
508.4	10000000
508.5	10000000
508.6	10000000
508.7	10000000
508.8	10000000
508.9	10000000
509	10000000
509.1	10000000
509.2	10000000
509.3	10000000
509.4	10000000
509.5	10000000
509.6	10000000
509.7	10000000
509.8	10000000
509.9	10000000
510	10000000
510.1	10000000
510.2	10000000
510.3	10000000
510.4	10000000
510.5	10000000
510.6	10000000
510.7	10000000
510.8	10000000
510.9	10000000
511	10000000
511.1	10000000
511.2	10000000
511.3	10000000
511.4	10000000
511.5	10000000
511.6	10000000
511.7	10000000
511.8	10000000
511.9	10000000
512	10000000
512.1	10000000
512.2	10000000
512.3	10000000
512.4	10000000
512.5	10000000
512.6	10000000
512.7	10000000
512.8	10000000
512.9	10000000
513	10000000
513.1	10000000
513.2	10000000
513.3	10000000
513.4	10000000
513.5	10000000
513.6	10000000
513.7	10000000
513.8	10000000
513.9	10000000
514	10000000
514.1	10000000
514.2	10000000
514.3	10000000
514.4	10000000
514.5	10000000
514.6	10000000
514.7	10000000
514.8	10000000
514.9	10000000
515	10000000
515.1	10000000
515.2	10000000
515.3	10000000
515.4	10000000
515.5	10000000
515.6	10000000
515.7	10000000
515.8	10000000
515.9	10000000
516	10000000
516.1	10000000
516.2	10000000
516.3	10000000
516.4	10000000
516.5	10000000
516.6	10000000
516.7	10000000
516.8	10000000
516.9	10000000
517	10000000
517.1	10000000
517.2	10000000
517.3	10000000
517.4	10000000
517.5	10000000
517.6	10000000
517.7	10000000
517.8	10000000
517.9	10000000
518	10000000
518.1	10000000
518.2	10000000
518.3	10000000
518.4	10000000
518.5	10000000
518.6	10000000
518.7	10000000
518.8	10000000
518.9	10000000
519	10000000
519.1	10000000
519.2	10000000
519.3	10000000
519.4	10000000
519.5	10000000
519.6	10000000
519.7	10000000
519.8	10000000
519.9	10000000
520	10000000
520.1	10000000
520.2	10000000
520.3	10000000
520.4	10000000
520.5	10000000
520.6	10000000
520.7	10000000
520.8	10000000
520.9	10000000
521	10000000
521.1	10000000
521.2	10000000
521.3	10000000
521.4	10000000
521.5	10000000
521.6	10000000
521.7	10000000
521.8	10000000
521.9	10000000
522	10000000
522.1	10000000
522.2	10000000
522.3	10000000
522.4	10000000
522.5	10000000
522.6	10000000
522.7	10000000
522.8	10000000
522.9	10000000
523	10000000
523.1	10000000
523.2	10000000
523.3	10000000
523.4	10000000
523.5	10000000
523.6	10000000
523.7	10000000
523.8	10000000
523.9	10000000
524	10000000
524.1	10000000
524.2	10000000
524.3	10000000
524.4	10000000
524.5	10000000
524.6	10000000
524.7	10000000
524.8	10000000
524.9	10000000
525	10000000
525.1	10000000
525.2	10000000
525.3	10000000
525.4	10000000
525.5	10000000
525.6	10000000
525.7	10000000
525.8	10000000
525.9	10000000
526	10000000
526.1	10000000
526.2	10000000
526.3	10000000
526.4	10000000
526.5	10000000
526.6	10000000
526.7	10000000
526.8	10000000
526.9	10000000
527	10000000
527.1	10000000
527.2	10000000
527.3	10000000
527.4	10000000
527.5	10000000
527.6	10000000
527.7	10000000
527.8	10000000
527.9	10000000
528	10000000
528.1	10000000
528.2	10000000
528.3	10000000
528.4	10000000
528.5	10000000
528.6	10000000
528.7	10000000
528.8	10000000
528.9	10000000
529	10000000
529.1	10000000
529.2	10000000
529.3	10000000
529.4	10000000
529.5	10000000
529.6	10000000
529.7	10000000
529.8	10000000
529.9	10000000
530	10000000
530.1	10000000
530.2	10000000
530.3	10000000
530.4	10000000
530.5	10000000
530.6	10000000
530.7	10000000
530.8	10000000
530.9	10000000
531	10000000
531.1	10000000
531.2	10000000
531.3	10000000
531.4	10000000
531.5	10000000
531.6	10000000
531.7	10000000
531.8	10000000
531.9	10000000
532	10000000
532.1	10000000
532.2	10000000
532.3	10000000
532.4	10000000
532.5	10000000
532.6	10000000
532.7	10000000
532.8	10000000
532.9	10000000
533	10000000
533.1	10000000
533.2	10000000
533.3	10000000
533.4	10000000
533.5	10000000
533.6	10000000
533.7	10000000
533.8	10000000
533.9	10000000
534	10000000
534.1	10000000
534.2	10000000
534.3	10000000
534.4	10000000
534.5	10000000
534.6	10000000
534.7	10000000
534.8	10000000
534.9	10000000
535	10000000
535.1	10000000
535.2	10000000
535.3	10000000
535.4	10000000
535.5	10000000
535.6	10000000
535.7	10000000
535.8	10000000
535.9	10000000
536	10000000
536.1	10000000
536.2	10000000
536.3	10000000
536.4	10000000
536.5	10000000
536.6	10000000
536.7	10000000
536.8	10000000
536.9	10000000
537	10000000
537.1	10000000
537.2	10000000
537.3	10000000
537.4	10000000
537.5	10000000
537.6	10000000
537.7	10000000
537.8	10000000
537.9	10000000
538	10000000
538.1	10000000
538.2	10000000
538.3	10000000
538.4	10000000
538.5	10000000
538.6	10000000
538.7	10000000
538.8	10000000
538.9	10000000
539	10000000
539.1	10000000
539.2	10000000
539.3	10000000
539.4	10000000
539.5	10000000
539.6	10000000
539.7	10000000
539.8	10000000
539.9	10000000
540	10000000
540.1	10000000
540.2	10000000
540.3	10000000
540.4	10000000
540.5	10000000
540.6	10000000
540.7	10000000
540.8	10000000
540.9	10000000
541	10000000
541.1	10000000
541.2	10000000
541.3	10000000
541.4	10000000
541.5	10000000
541.6	10000000
541.7	10000000
541.8	10000000
541.9	10000000
542	10000000
542.1	10000000
542.2	10000000
542.3	10000000
542.4	10000000
542.5	10000000
542.6	10000000
542.7	10000000
542.8	10000000
542.9	10000000
543	10000000
543.1	10000000
543.2	10000000
543.3	10000000
543.4	10000000
543.5	10000000
543.6	10000000
543.7	10000000
543.8	10000000
543.9	10000000
544	10000000
544.1	10000000
544.2	10000000
544.3	10000000
544.4	10000000
544.5	10000000
544.6	10000000
544.7	10000000
544.8	10000000
544.9	10000000
545	10000000
545.1	10000000
545.2	10000000
545.3	10000000
545.4	10000000
545.5	10000000
545.6	10000000
545.7	10000000
545.8	10000000
545.9	10000000
546	10000000
546.1	10000000
546.2	10000000
546.3	10000000
546.4	10000000
546.5	10000000
546.6	10000000
546.7	10000000
546.8	10000000
546.9	10000000
547	10000000
547.1	10000000
547.2	10000000
547.3	10000000
547.4	10000000
547.5	10000000
547.6	10000000
547.7	10000000
547.8	10000000
547.9	10000000
548	10000000
548.1	10000000
548.2	10000000
548.3	10000000
548.4	10000000
548.5	10000000
548.6	10000000
548.7	10000000
548.8	10000000
548.9	10000000
549	10000000
549.1	10000000
549.2	10000000
549.3	10000000
549.4	10000000
549.5	10000000
549.6	10000000
549.7	10000000
549.8	10000000
549.9	10000000
550	10000000
550.1	10000000
550.2	10000000
550.3	10000000
550.4	10000000
550.5	10000000
550.6	10000000
550.7	10000000
550.8	10000000
550.9	10000000
551	10000000
551.1	10000000
551.2	10000000
551.3	10000000
551.4	10000000
551.5	10000000
551.6	10000000
551.7	10000000
551.8	10000000
551.9	10000000
552	10000000
552.1	10000000
552.2	10000000
552.3	10000000
552.4	10000000
552.5	10000000
552.6	10000000
552.7	10000000
552.8	10000000
552.9	10000000
553	10000000
553.1	10000000
553.2	10000000
553.3	10000000
553.4	10000000
553.5	10000000
553.6	10000000
553.7	10000000
553.8	10000000
553.9	10000000
554	10000000
554.1	10000000
554.2	10000000
554.3	10000000
554.4	10000000
554.5	10000000
554.6	10000000
554.7	10000000
554.8	10000000
554.9	10000000
555	10000000
555.1	10000000
555.2	10000000
555.3	10000000
555.4	10000000
555.5	10000000
555.6	10000000
555.7	10000000
555.8	10000000
555.9	10000000
556	10000000
556.1	10000000
556.2	10000000
556.3	10000000
556.4	10000000
556.5	10000000
556.6	10000000
556.7	10000000
556.8	10000000
556.9	10000000
557	10000000
557.1	10000000
557.2	10000000
557.3	10000000
557.4	10000000
557.5	10000000
557.6	10000000
557.7	10000000
557.8	10000000
557.9	10000000
558	10000000
558.1	10000000
558.2	10000000
558.3	10000000
558.4	10000000
558.5	10000000
558.6	10000000
558.7	10000000
558.8	10000000
558.9	10000000
559	10000000
559.1	10000000
559.2	10000000
559.3	10000000
559.4	10000000
559.5	10000000
559.6	10000000
559.7	10000000
559.8	10000000
559.9	10000000
560	10000000
560.1	10000000
560.2	10000000
560.3	10000000
560.4	10000000
560.5	10000000
560.6	10000000
560.7	10000000
560.8	10000000
560.9	10000000
561	10000000
561.1	10000000
561.2	10000000
561.3	10000000
561.4	10000000
561.5	10000000
561.6	10000000
561.7	10000000
561.8	10000000
561.9	10000000
562	10000000
562.1	10000000
562.2	10000000
562.3	10000000
562.4	10000000
562.5	10000000
562.6	10000000
562.7	10000000
562.8	10000000
562.9	10000000
563	10000000
563.1	10000000
563.2	10000000
563.3	10000000
563.4	10000000
563.5	10000000
563.6	10000000
563.7	10000000
563.8	10000000
563.9	10000000
564	10000000
564.1	10000000
564.2	10000000
564.3	10000000
564.4	10000000
564.5	10000000
564.6	10000000
564.7	10000000
564.8	10000000
564.9	10000000
565	10000000
565.1	10000000
565.2	10000000
565.3	10000000
565.4	10000000
565.5	10000000
565.6	10000000
565.7	10000000
565.8	10000000
565.9	10000000
566	10000000
566.1	10000000
566.2	10000000
566.3	10000000
566.4	10000000
566.5	10000000
566.6	10000000
566.7	10000000
566.8	10000000
566.9	10000000
567	10000000
567.1	10000000
567.2	10000000
567.3	10000000
567.4	10000000
567.5	10000000
567.6	10000000
567.7	10000000
567.8	10000000
567.9	10000000
568	10000000
568.1	10000000
568.2	10000000
568.3	10000000
568.4	10000000
568.5	10000000
568.6	10000000
568.7	10000000
568.8	10000000
568.9	10000000
569	10000000
569.1	10000000
569.2	10000000
569.3	10000000
569.4	10000000
569.5	10000000
569.6	10000000
569.7	10000000
569.8	10000000
569.9	10000000
570	10000000
570.1	10000000
570.2	10000000
570.3	10000000
570.4	10000000
570.5	10000000
570.6	10000000
570.7	10000000
570.8	10000000
570.9	10000000
571	10000000
571.1	10000000
571.2	10000000
571.3	10000000
571.4	10000000
571.5	10000000
571.6	10000000
571.7	10000000
571.8	10000000
571.9	10000000
572	10000000
572.1	10000000
572.2	10000000
572.3	10000000
572.4	10000000
572.5	10000000
572.6	10000000
572.7	10000000
572.8	10000000
572.9	10000000
573	10000000
573.1	10000000
573.2	10000000
573.3	10000000
573.4	10000000
573.5	10000000
573.6	10000000
573.7	10000000
573.8	10000000
573.9	10000000
574	10000000
574.1	10000000
574.2	10000000
574.3	10000000
574.4	10000000
574.5	10000000
574.6	10000000
574.7	10000000
574.8	10000000
574.9	10000000
575	10000000
575.1	10000000
575.2	10000000
575.3	10000000
575.4	10000000
575.5	10000000
575.6	10000000
575.7	10000000
575.8	10000000
575.9	10000000
576	10000000
576.1	10000000
576.2	10000000
576.3	10000000
576.4	10000000
576.5	10000000
576.6	10000000
576.7	10000000
576.8	10000000
576.9	10000000
577	10000000
577.1	10000000
577.2	10000000
577.3	10000000
577.4	10000000
577.5	10000000
577.6	10000000
577.7	10000000
577.8	10000000
577.9	10000000
578	10000000
578.1	10000000
578.2	10000000
578.3	10000000
578.4	10000000
578.5	10000000
578.6	10000000
578.7	10000000
578.8	10000000
578.9	10000000
579	10000000
579.1	10000000
579.2	10000000
579.3	10000000
579.4	10000000
579.5	10000000
579.6	10000000
579.7	10000000
579.8	10000000
579.9	10000000
580	10000000
580.1	10000000
580.2	10000000
580.3	10000000
580.4	10000000
580.5	10000000
580.6	10000000
580.7	10000000
580.8	10000000
580.9	10000000
581	10000000
581.1	10000000
581.2	10000000
581.3	10000000
581.4	10000000
581.5	10000000
581.6	10000000
581.7	10000000
581.8	10000000
581.9	10000000
582	10000000
582.1	10000000
582.2	10000000
582.3	10000000
582.4	10000000
582.5	10000000
582.6	10000000
582.7	10000000
582.8	10000000
582.9	10000000
583	10000000
583.1	10000000
583.2	10000000
583.3	10000000
583.4	10000000
583.5	10000000
583.6	10000000
583.7	10000000
583.8	10000000
583.9	10000000
584	10000000
584.1	10000000
584.2	10000000
584.3	10000000
584.4	10000000
584.5	10000000
584.6	10000000
584.7	10000000
584.8	10000000
584.9	10000000
585	10000000
585.1	10000000
585.2	10000000
585.3	10000000
585.4	10000000
585.5	10000000
585.6	10000000
585.7	10000000
585.8	10000000
585.9	10000000
586	10000000
586.1	10000000
586.2	10000000
586.3	10000000
586.4	10000000
586.5	10000000
586.6	10000000
586.7	10000000
586.8	10000000
586.9	10000000
587	10000000
587.1	10000000
587.2	10000000
587.3	10000000
587.4	10000000
587.5	10000000
587.6	10000000
587.7	10000000
587.8	10000000
587.9	10000000
588	10000000
588.1	10000000
588.2	10000000
588.3	10000000
588.4	10000000
588.5	10000000
588.6	10000000
588.7	10000000
588.8	10000000
588.9	10000000
589	10000000
589.1	10000000
589.2	10000000
589.3	10000000
589.4	10000000
589.5	10000000
589.6	10000000
589.7	10000000
589.8	10000000
589.9	10000000
590	10000000
590.1	10000000
590.2	10000000
590.3	10000000
590.4	10000000
590.5	10000000
590.6	10000000
590.7	10000000
590.8	10000000
590.9	10000000
591	10000000
591.1	10000000
591.2	10000000
591.3	10000000
591.4	10000000
591.5	10000000
591.6	10000000
591.7	10000000
591.8	10000000
591.9	10000000
592	10000000
592.1	10000000
592.2	10000000
592.3	10000000
592.4	10000000
592.5	10000000
592.6	10000000
592.7	10000000
592.8	10000000
592.9	10000000
593	10000000
593.1	10000000
593.2	10000000
593.3	10000000
593.4	10000000
593.5	10000000
593.6	10000000
593.7	10000000
593.8	10000000
593.9	10000000
594	10000000
594.1	10000000
594.2	10000000
594.3	10000000
594.4	10000000
594.5	10000000
594.6	10000000
594.7	10000000
594.8	10000000
594.9	10000000
595	10000000
595.1	10000000
595.2	10000000
595.3	10000000
595.4	10000000
595.5	10000000
595.6	10000000
595.7	10000000
595.8	10000000
595.9	10000000
596	10000000
596.1	10000000
596.2	10000000
596.3	10000000
596.4	10000000
596.5	10000000
596.6	10000000
596.7	10000000
596.8	10000000
596.9	10000000
597	10000000
597.1	10000000
597.2	10000000
597.3	10000000
597.4	10000000
597.5	10000000
597.6	10000000
597.7	10000000
597.8	10000000
597.9	10000000
598	10000000
598.1	10000000
598.2	10000000
598.3	10000000
598.4	10000000
598.5	10000000
598.6	10000000
598.7	10000000
598.8	10000000
598.9	10000000
599	10000000
599.1	10000000
599.2	10000000
599.3	10000000
599.4	10000000
599.5	10000000
599.6	10000000
599.7	10000000
599.8	10000000
599.9	10000000
600	10000000
